113,258
264,399
22,77
204,399
109,204
167,264
22,136
204,224
204,237
113,136
136,237
113,204,237
22,100,191
136,204,399
37,167,258
154,224,374
304,314,350
81,154,264
204,282,333
22,204,390
113,286,333
22,136,204
113,204,258,264
22,136,167,258
22,167,204,399
22,77,264,399
154,204,264,399
147,154,204,237
22,67,224,231
136,154,167,399
67,136,224,399
22,136,204,237
67,154,204,258
67,199,237,258
99,113,314,333
67,240,264,399
67,136,204,224
113,136,258,399
22,136,167,264
136,167,320,399
22,113,136,399
136,154,237,250
67,113,264,399
22,113,154,258
109,167,204,264
154,224,264,399
67,258,264,280
67,113,167,258
204,237,258,315
113,154,167,237
113,154,237,258
22,172,237,258
167,204,264,399
84,130,204,237,264
28,138,204,264,391
22,67,113,136,167
22,85,316,333,374
22,136,204,264,307
12,85,113,154,264
50,67,136,333,374
113,136,237,330,338
22,65,204,282,333
123,204,258,264,351
67,113,204,237,351
22,136,224,272,390
67,154,167,258,377
52,67,113,237,316
113,136,204,390,399
22,204,316,333,390
154,224,314,358,374
99,113,237,258,329
250,304,314,350,391
22,40,85,116,338
81,154,237,264,391
22,113,160,224,258
113,204,263,286,333
22,85,100,191,264
22,37,67,167,258
12,160,224,237,258
65,132,204,237,399
67,113,154,167,237,258
67,136,154,237,258,399
136,154,167,204,264,399
67,136,204,224,258,399
67,136,154,204,224,258
40,154,167,224,237,399
51,67,167,204,264,399
119,167,224,237,264,399
12,136,154,224,258,264
67,136,204,224,237,264
136,154,204,224,237,250
22,67,113,136,167,264
113,136,154,204,258,264
37,67,229,250,258,399
113,204,237,258,315,399
67,167,203,224,258,399
30,136,154,167,204,258
22,113,136,154,237,399
113,154,224,258,264,399
22,113,167,224,237,264
22,154,174,237,258,399
67,113,224,258,264,399
113,147,154,204,237,399
22,67,167,204,224,231
67,224,237,258,264,344
22,113,136,167,258,399
22,67,77,154,264,399
22,167,204,224,258,399
22,136,154,167,237,399
28,99,113,314,333,368
154,237,258,264,308,399
67,154,199,204,237,258
67,113,167,237,264,344
67,136,167,204,224,258
136,154,167,204,224,399
109,136,167,204,258,264
136,154,167,258,264,399
22,67,204,258,264,280
22,67,113,136,369,399
12,83,85,115,246,390
67,136,167,204,237,258
67,113,136,154,167,224
154,167,204,224,264,399
67,113,154,224,258,399
22,67,189,237,258,399
113,167,204,224,237,399
136,154,167,196,258,399
22,136,154,203,237,258
22,113,172,237,258,399
22,167,204,224,237,399
22,113,136,154,167,258
82,99,113,136,204,237
22,136,175,224,258,399
22,113,136,154,204,237
22,67,136,154,237,264
154,167,224,237,264,399
67,113,172,237,264,399
22,67,136,167,258,264
67,136,154,224,264,399
136,154,204,237,258,264
67,113,136,237,298,399
22,67,113,136,204,335
136,167,224,237,320,399
22,136,167,224,237,258
67,154,204,240,264,399
22,113,136,154,258,399
154,167,204,258,339,399
113,154,167,204,237,258
34,67,113,204,264,399
40,67,237,258,314,338,399
49,113,136,167,258,316,390
22,85,171,204,316,333,374
14,40,85,123,234,250,304
67,113,136,237,258,264,272
7,22,67,136,204,333,399
22,67,84,158,188,333,374
22,85,136,204,224,264,316
40,67,130,136,237,316,399
136,224,237,258,264,330,399
22,136,204,264,307,316,333
22,67,113,237,258,264,330
28,84,85,191,264,316,338
22,37,67,113,154,167,237
22,113,154,204,264,334,399
22,28,136,154,199,237,393
85,204,224,314,316,391,399
37,67,154,167,258,377,399
81,99,154,196,237,264,391
65,132,204,237,264,338,399
48,67,116,204,258,264,316
224,250,304,314,350,391,399
22,99,113,154,237,258,329
37,113,154,204,237,264,399
67,85,204,224,236,264,316
22,28,204,316,333,346,390
123,141,204,258,264,351,388
11,22,40,167,224,258,264
22,67,73,116,154,224,264
12,160,167,224,237,258,375
83,85,136,167,264,316,374
22,67,113,204,237,258,351
28,138,204,264,314,391,399
14,22,67,113,224,338,399
67,88,136,204,224,237,399
11,22,67,113,136,154,167
82,154,224,272,314,358,374
50,67,113,136,333,351,374
22,113,136,154,237,330,338
22,75,136,141,154,234,250
28,72,224,272,304,316,351
22,188,196,282,316,333,338
4,22,167,191,237,258,264
22,85,100,191,264,333,374
67,85,113,167,224,258,264
22,67,113,136,204,264,399
12,67,85,113,146,154,264
12,22,67,188,258,319,375
84,130,167,204,237,264,333
167,204,237,258,264,314,399
52,67,113,224,237,316,374
57,83,99,116,167,237,374
13,22,67,167,286,312,316
67,84,234,264,281,316,338
14,113,204,250,263,286,333
22,65,188,204,282,333,374
22,113,136,167,224,272,390
14,67,84,113,237,333,374
12,22,113,160,204,224,258
22,37,67,113,167,258,391
4,22,154,191,224,264,304
22,136,167,196,268,272,334
113,136,204,333,338,390,399
22,40,85,107,116,136,338
22,34,113,148,224,312,351
12,22,67,113,167,237,375
14,130,224,237,264,272,304
22,113,167,204,237,258,304,399
22,67,116,204,224,237,258,264
67,113,136,154,167,234,237,258
22,67,136,154,167,237,264,399
22,67,113,136,204,237,264,335
22,67,154,224,237,258,343,399
22,67,119,167,224,237,264,399
67,113,136,167,204,224,237,258
22,113,136,204,237,258,264,399
14,22,67,113,167,204,237,399
22,67,113,204,224,237,264,362
22,113,136,154,167,204,264,399
22,113,136,172,224,237,258,399
113,136,154,167,204,224,237,258
22,67,154,167,237,258,349,399
67,113,237,258,314,333,351,389
14,22,67,113,136,167,204,258
136,237,250,253,314,316,333,338
22,67,136,154,167,204,224,399
67,154,204,224,237,258,264,344
22,113,136,154,167,184,237,258
22,113,136,154,167,204,237,258
22,113,154,237,258,264,272,399
22,67,113,136,154,167,237,399
55,67,113,136,154,224,264,399
144,154,204,224,237,258,264,399
22,136,154,167,204,224,237,258
40,136,154,167,224,237,258,399
67,136,154,167,204,224,264,399
15,204,237,258,330,338,370,399
22,67,136,204,258,264,270,399
22,67,113,136,154,167,237,258
22,67,113,154,224,258,264,399
109,113,136,167,204,224,258,264
12,67,83,84,85,115,246,390
67,136,154,167,204,258,264,399
22,113,154,167,186,224,237,264
67,80,113,136,167,204,224,237
67,154,204,224,237,258,264,399
22,67,113,150,154,204,224,399
22,154,204,224,237,258,264,399
22,52,67,136,204,224,258,399
67,113,136,154,167,204,224,258
22,67,136,189,237,258,264,399
22,113,136,154,204,237,258,264
67,136,167,185,204,224,237,258
34,67,113,167,204,258,264,399
22,67,136,167,204,224,258,264
22,67,113,120,154,224,258,399
22,85,167,195,224,305,364,399
22,67,77,154,167,224,264,399
136,154,167,224,237,258,264,399
67,136,154,167,237,258,264,399
22,67,113,120,136,167,258,399
51,67,136,167,204,258,264,399
67,136,154,167,204,258,339,399
67,113,136,190,204,237,264,399
22,113,136,167,224,237,320,399
67,113,136,154,186,237,258,399
22,67,113,224,237,258,264,399
22,67,113,136,167,204,264,399
136,154,167,196,237,258,264,399
67,113,136,224,258,264,326,399
67,113,136,167,180,204,224,258
22,67,154,204,224,258,264,399
67,136,154,167,204,224,358,399
30,136,154,167,204,224,237,258
28,53,99,113,272,314,333,368
67,136,154,204,224,237,250,258
22,67,113,136,167,204,224,264
22,67,113,136,154,167,264,399
25,67,154,167,224,237,264,399
67,113,154,167,224,237,258,264
67,113,136,204,224,258,264,342
67,136,154,167,224,237,264,399
22,113,136,167,258,264,356,399
67,154,199,204,224,237,258,264
22,113,136,154,175,224,258,399
22,67,113,167,224,237,258,399
22,67,113,136,167,204,237,258
113,136,154,167,204,237,264,399
22,113,136,154,167,204,224,399
22,67,154,167,204,224,231,399
22,67,136,154,167,204,298,399
22,67,113,137,154,167,264,399
67,69,136,154,167,224,237,264
67,93,113,136,154,167,224,399
67,113,154,167,204,224,258,399
22,113,136,167,204,224,237,255
22,113,136,154,167,237,258,264
22,113,136,154,186,224,237,264
67,113,167,224,237,258,264,344
7,22,67,113,154,224,237,258
22,113,136,154,204,237,258,399
22,67,154,167,204,258,264,399
22,67,113,136,167,204,224,374
113,136,154,224,235,237,258,264
67,113,136,154,167,224,237,258
22,67,113,136,167,204,258,264
136,167,204,224,258,264,266,288
113,136,147,154,204,237,264,399
67,154,204,224,240,258,264,399
82,99,113,136,163,204,237,339
22,113,136,167,224,258,264,399
22,67,113,172,204,258,264,399
22,67,113,136,154,167,204,224
22,136,167,204,237,258,280,399
22,67,113,136,189,237,264,399
22,113,136,154,204,237,264,399
37,67,167,183,246,258,264,278
22,67,113,136,167,224,258,399
22,67,113,136,154,237,258,399
22,67,113,154,167,204,237,399
113,136,167,204,224,237,258,264
22,136,154,203,204,224,264,399
22,67,154,167,204,237,258,333
22,67,113,154,167,181,204,399
22,67,167,204,237,258,264,383
22,67,136,154,167,258,264,399
22,136,154,167,224,237,258,274
22,67,113,136,224,237,369,399
22,67,136,204,258,264,280,399
113,136,154,167,224,237,258,399
67,136,154,204,224,264,306,399
22,136,154,167,224,237,258,264
67,136,154,204,237,258,264,399
22,154,167,204,224,264,304,399
22,136,167,204,224,237,258,399
67,113,136,154,204,237,258,264
67,113,154,167,204,237,264,277
22,113,167,204,224,237,258,399
136,154,167,204,224,237,258,264
12,22,136,154,204,224,258,264
113,136,154,204,224,237,258,399
136,154,166,204,224,237,264,399
22,113,154,167,204,224,264,374
22,113,157,167,224,237,258,264
22,40,67,136,154,237,258,264
37,67,84,113,224,237,258,264
22,40,67,130,154,224,300,338
67,113,154,172,204,224,237,399
67,113,204,224,237,258,264,399
22,67,136,154,167,258,264,313
67,113,154,204,237,258,315,399
22,67,136,154,185,204,237,399
22,67,136,154,214,237,264,399
22,113,136,154,167,237,258,399
67,154,167,224,258,264,272,399
22,67,113,136,154,204,237,399
22,136,154,167,174,237,258,399
85,113,116,154,162,204,224,264
22,67,113,136,237,264,298,399
22,67,136,154,203,237,258,399
22,65,113,224,237,258,264,399
67,113,136,167,204,224,237,264
22,34,136,167,224,258,264,399
67,113,136,154,167,224,258,399
67,94,113,136,154,204,237,399
22,67,136,167,237,258,264,399
67,120,136,167,204,224,237,258
22,67,113,136,167,204,237,264
67,136,154,204,224,235,237,258
67,113,136,167,204,264,375,399
22,67,136,167,204,258,264,383
22,67,136,154,167,181,258,399
22,67,136,167,204,237,258,399
25,67,113,154,167,258,264,399
22,113,154,204,224,237,264,399
113,136,167,204,224,237,258,399
67,113,167,204,224,258,264,399
37,67,191,229,250,258,272,399
67,108,136,154,167,224,237,264
22,97,167,204,224,237,258,399
67,113,167,204,221,224,237,399
65,67,167,204,224,258,264,399
67,113,136,154,167,237,258,264
22,67,78,154,204,224,237,264
22,67,113,136,204,224,351,399
66,67,113,136,154,224,237,264
22,113,136,154,167,204,224,237
50,67,113,154,224,258,264,399
25,113,136,154,204,224,237,258
22,66,67,113,136,154,167,237
22,113,136,167,204,224,264,399
113,125,136,154,204,224,237,258
120,136,154,167,224,237,258,399
22,67,113,154,204,224,237,258
67,113,172,204,237,258,264,399
67,167,203,204,224,258,264,399
113,154,204,237,258,264,308,399
108,113,167,204,224,237,258,399
22,67,113,136,154,224,258,399
136,154,204,224,237,264,374,399
22,136,154,167,204,258,264,399
136,154,167,224,237,258,360,399
67,108,113,136,167,224,258,399
67,113,136,204,224,237,264,399
22,67,113,171,204,264,338,374,391
22,116,167,188,224,264,304,374,398
67,113,136,154,204,237,258,330,371
22,116,136,154,167,188,196,264,374
28,67,84,85,191,204,264,316,338
14,36,40,85,136,199,234,250,351
22,67,113,123,154,204,237,258,351
22,37,154,167,204,224,237,258,264
28,85,136,204,304,316,333,390,399
21,67,85,136,154,224,351,374,390
22,113,136,167,224,272,304,316,390
14,22,36,40,85,136,258,304,351
13,22,67,116,167,286,312,316,374
5,22,115,154,250,258,333,338,376
22,28,99,123,136,154,167,234,250
67,84,113,154,167,224,258,272,399
22,64,113,136,237,258,264,330,399
116,136,154,167,188,196,204,224,264
22,67,113,167,204,258,264,399,400
22,67,113,136,224,226,237,264,272
14,113,167,204,237,250,263,286,333
22,113,154,167,204,258,264,399,400
22,67,83,167,196,204,264,334,399
22,67,136,140,154,167,264,399,400
22,67,85,136,224,258,264,351,375
67,113,136,154,224,258,264,334,399
40,113,154,221,224,237,264,338,399
22,37,67,113,167,237,258,391,399
22,28,136,154,199,204,237,264,393
22,67,113,136,167,224,237,264,374
14,38,136,167,191,204,246,264,304
48,113,116,136,264,314,316,333,342
52,67,113,224,237,316,372,374,399
22,67,85,115,136,204,224,264,316
22,40,85,107,116,136,316,338,374
167,204,237,258,264,314,333,391,399
67,113,136,184,204,224,291,338,399
22,113,167,204,237,258,264,355,399
22,67,154,204,224,237,258,264,399
67,84,113,124,154,167,224,237,358
14,83,116,136,167,204,246,264,374
22,84,113,130,167,204,237,264,333
14,130,141,224,237,264,272,304,399
22,67,113,154,167,204,264,334,399
65,113,139,224,237,258,264,351,399
12,67,84,234,264,281,314,316,338
49,113,136,167,224,237,258,304,316
22,49,113,136,167,258,272,316,390
12,22,84,99,115,154,167,179,224
12,28,72,224,264,272,304,316,351
40,67,90,113,136,154,262,264,333
136,204,224,237,250,253,258,314,399
22,136,188,204,258,264,307,316,333
5,22,34,113,116,224,264,312,351
22,85,100,116,191,264,272,333,374
37,67,154,167,204,224,258,264,399
5,12,22,84,115,204,250,258,333
22,67,113,136,204,224,237,258,330
67,167,191,204,215,258,316,358,399
22,67,85,171,204,316,333,374,391
14,36,40,123,136,234,250,304,351
14,40,85,123,234,250,258,304,351
67,113,136,204,224,237,258,260,399
22,75,112,167,237,258,333,390,399
22,75,83,86,154,258,264,371,399
22,75,85,130,183,191,224,338,391
22,28,136,204,304,316,333,346,390
22,82,113,136,154,204,258,264,399
22,136,188,258,264,304,316,351,399
48,67,116,204,258,264,314,316,333
81,99,130,154,196,237,264,338,391
22,113,154,167,237,258,264,377,399
12,27,28,113,272,304,314,351,391
67,136,191,210,272,333,351,374,375
22,67,167,204,224,237,250,374,391
28,138,188,204,224,264,314,391,399
67,85,136,154,167,191,264,333,399
67,73,85,113,116,167,224,258,264
40,84,97,99,113,154,224,262,367
12,67,113,136,160,167,224,258,375
67,102,113,204,224,258,264,316,391
5,22,34,113,148,188,224,312,351
22,67,88,136,204,224,258,264,399
22,65,188,196,204,282,333,374,399
22,85,113,154,167,224,258,264,391
28,75,123,141,167,234,237,250,379
22,67,113,154,224,250,374,391,399
10,12,136,167,191,224,237,258,264
22,67,84,113,158,167,188,264,399
22,37,67,154,167,204,224,264,296
22,113,116,154,167,204,237,283,305
22,67,136,188,191,210,264,375,399
14,22,67,75,113,167,333,390,399
22,113,136,167,204,237,316,374,399
67,115,154,201,237,250,258,265,272
67,154,167,204,237,250,301,391,399
28,154,224,250,304,314,350,391,399
67,113,154,237,314,333,348,391,399
22,37,84,113,167,224,258,264,399
4,22,167,191,237,258,264,272,304
85,113,167,232,258,264,272,293,399
56,67,123,154,196,204,224,308,374
3,14,22,67,136,204,264,334,399
22,67,79,136,154,191,234,237,264
22,60,113,136,204,333,338,390,399
5,113,136,167,188,193,201,314,399
32,83,130,191,272,305,314,338,390
67,84,113,154,224,258,272,314,399
67,113,136,226,237,258,264,272,338
154,204,224,237,314,338,350,391,399
11,22,40,154,167,188,224,258,264
14,22,67,75,112,113,136,237,399
22,67,113,136,204,258,264,330,399
67,113,136,167,224,237,258,264,375
113,114,136,154,167,234,237,246,250
22,113,136,154,167,224,258,334,400
22,37,67,113,154,167,204,237,399
12,67,160,167,224,237,258,264,375
22,67,76,167,316,329,374,390,399
22,37,67,113,154,224,237,264,399
22,40,96,99,154,167,224,374,399
57,83,99,116,167,204,237,250,374
50,67,113,136,165,237,333,351,374
40,67,84,237,258,314,325,338,399
22,67,88,113,136,204,224,237,399
14,191,224,237,250,304,314,327,399
22,83,85,113,167,258,264,363,399
113,136,204,237,258,314,351,368,399
67,113,133,136,188,204,224,314,399
22,67,113,154,167,204,258,264,399
14,67,84,85,116,167,258,272,321
22,67,136,210,264,272,333,351,374
14,22,67,113,204,237,250,333,399
3,14,83,167,204,258,264,334,399
65,123,154,155,204,258,314,333,351
67,83,85,136,167,264,316,374,399
40,67,83,113,130,136,237,316,399
40,52,136,237,250,258,314,370,399
22,136,154,188,204,224,264,304,374
12,40,113,224,264,304,314,316,374
63,85,130,204,224,304,314,370,390
29,113,116,154,272,304,308,390,391
67,85,102,113,167,314,316,391,399
67,84,113,130,154,167,237,264,333
22,28,67,116,136,167,199,204,264
22,113,136,154,237,264,330,338,399
22,37,67,113,154,167,258,377,399
12,35,67,84,167,191,224,264,314
12,22,67,113,136,167,237,264,375
22,82,136,204,237,258,316,333,399
22,99,113,154,224,237,250,258,329
40,113,136,167,188,227,264,304,316
67,84,113,154,237,258,339,390,399
7,22,85,107,113,116,136,316,374
67,85,113,204,224,314,316,391,399
67,85,136,204,224,236,264,316,374
22,40,67,73,85,116,154,224,264
67,85,102,113,167,258,314,391,399
22,64,113,154,224,237,258,264,330
82,116,154,224,272,314,358,366,374
22,37,67,113,126,167,258,264,399
40,136,167,188,227,234,258,304,316
123,141,204,224,258,264,316,351,388
65,132,154,204,224,237,264,338,399
34,113,116,130,136,148,188,224,351
40,67,85,136,154,167,191,264,399
99,130,154,204,237,264,333,391,399
12,67,85,113,146,154,167,258,264
22,40,84,113,167,223,224,237,399
12,22,67,188,204,258,319,338,375
22,37,67,129,154,167,237,264,399
37,67,113,154,204,237,258,264,399
14,67,84,113,167,237,242,333,374
7,22,67,136,154,167,204,333,399
22,84,151,167,199,224,250,258,304
22,136,167,196,264,268,272,316,334
75,85,130,154,183,191,224,264,332
22,188,196,204,282,316,333,338,358
4,22,154,191,224,237,264,304,399
8,67,136,191,224,258,264,375,399
22,64,67,136,154,237,258,264,399
14,204,224,237,258,304,327,351,399
52,84,85,199,224,258,272,316,399
29,113,116,154,272,304,334,374,391
22,85,113,136,167,224,304,316,390
22,91,113,136,154,167,204,224,399
18,67,123,237,264,314,333,374,391
99,116,149,154,188,204,258,286,314
5,113,116,130,148,188,224,264,312
65,67,113,204,237,308,338,374,399
14,67,84,113,250,299,333,374,399
11,22,67,113,136,154,167,224,258
22,113,127,136,204,224,258,304,390
67,84,113,124,154,224,258,272,399
48,116,188,204,258,264,314,316,333
22,37,67,113,154,167,224,237,399
22,85,99,113,116,224,258,303,391
67,113,154,167,234,237,246,258,272
12,22,113,160,167,204,224,237,258
87,130,191,234,246,304,316,342,390
22,113,154,204,224,237,258,355,399
40,67,84,113,207,258,264,334,338
22,113,154,207,258,264,333,334,338
14,22,136,191,237,258,264,275,304
22,84,113,167,224,232,258,264,272
22,75,123,136,141,154,167,234,250
22,67,136,167,204,215,237,333,358
28,84,116,191,204,221,264,316,333
22,67,101,113,204,237,258,264,330
67,136,204,224,237,258,264,330,399
84,113,124,154,167,224,237,258,399
113,136,204,224,237,314,351,368,399
40,96,99,154,188,203,224,391,399
28,67,113,154,188,204,314,391,399
14,22,40,84,113,224,237,264,374
14,22,67,113,224,237,264,338,399
22,67,84,113,158,188,333,374,399
67,113,154,167,176,204,224,237,258,399
22,67,154,167,204,237,258,264,386,399
22,99,136,154,167,204,224,237,258,399
22,67,113,136,154,167,204,237,258,269
22,113,154,157,167,224,237,258,264,399
22,24,67,154,204,224,237,258,264,399
22,113,136,154,224,237,238,258,264,399
22,67,113,136,167,190,204,224,258,264
22,113,128,136,154,224,237,258,264,399
67,113,136,154,167,204,237,264,308,399
113,136,154,167,204,224,237,243,264,399
22,67,111,113,136,167,204,224,258,399
22,113,136,154,204,237,258,264,274,399
22,51,67,113,154,167,204,224,258,399
67,113,136,154,167,224,238,258,264,399
22,113,136,154,224,237,258,264,326,399
22,67,113,136,204,224,237,258,264,266
14,67,113,136,167,204,224,237,258,399
67,113,136,154,167,224,258,264,320,399
22,67,113,136,167,224,237,264,298,399
22,69,136,167,204,224,237,258,264,399
22,67,113,136,154,204,224,237,258,399
22,67,113,136,154,204,237,264,342,399
22,67,113,136,154,204,224,237,264,335
22,67,154,167,204,224,231,237,258,399
67,113,154,167,204,224,237,264,359,399
14,22,67,113,167,204,224,237,264,399
84,131,191,202,204,224,237,250,308,338
22,51,67,154,167,204,224,258,264,399
22,67,136,154,167,204,214,237,264,399
22,67,136,154,167,204,224,240,258,264
22,67,113,136,154,167,204,224,237,258
22,67,136,147,154,167,204,237,258,399
14,82,99,113,136,163,204,237,330,339
22,67,113,136,167,204,208,224,237,264
113,136,154,167,224,237,258,264,360,399
12,84,85,115,154,167,246,258,272,400
14,22,67,113,136,167,204,224,264,399
67,113,136,154,167,180,224,237,258,264
68,83,99,136,204,237,316,338,390,399
67,136,154,167,204,237,258,264,339,399
22,113,136,167,204,224,237,258,264,399
22,113,136,154,167,204,224,237,264,304
22,67,113,136,154,172,204,224,237,258
25,67,136,154,167,224,237,258,264,399
45,67,113,136,154,167,237,258,264,399
22,66,67,113,154,167,204,224,258,264
22,67,136,154,167,204,237,264,339,399
67,113,136,137,167,204,237,258,264,399
22,67,113,136,154,224,237,264,298,399
116,136,167,204,224,258,264,266,288,334
67,113,136,154,172,204,237,258,264,399
67,113,144,154,204,224,237,258,264,399
22,113,136,154,167,204,214,224,264,399
22,67,136,154,167,204,235,237,258,264
67,113,136,154,167,204,224,237,258,381
22,26,67,113,136,204,224,237,258,264
67,108,113,136,154,167,224,237,258,264
22,67,128,136,154,167,224,237,258,264
22,67,136,154,167,204,224,237,239,258
22,24,67,136,154,204,224,237,258,399
31,67,113,136,167,204,224,258,264,399
67,80,113,136,154,167,224,237,264,399
67,113,136,154,167,204,224,237,258,358
67,113,136,154,167,195,204,237,264,399
22,67,136,154,167,186,224,237,258,264
22,67,136,154,167,224,237,258,264,399
22,67,167,204,224,237,258,264,356,399
67,113,136,154,167,237,244,258,264,399
34,67,113,136,167,204,224,258,264,399
22,113,136,154,167,204,224,237,358,399
67,113,136,167,204,224,235,237,258,264
22,74,113,136,154,167,204,224,237,399
22,67,113,136,154,204,237,258,351,399
22,136,154,167,204,224,237,258,304,399
22,67,113,120,136,167,204,237,258,399
22,66,67,113,136,154,167,224,237,258
22,67,113,136,154,224,237,238,258,264
22,113,136,167,204,224,237,258,264,356
22,67,113,136,154,167,204,224,258,264
22,67,113,136,154,167,224,264,359,399
22,67,154,167,204,224,237,258,264,399
22,67,113,136,204,224,237,258,264,399
22,67,113,136,167,204,213,224,237,399
67,93,113,136,154,204,224,237,264,399
108,113,136,154,167,204,224,237,264,399
67,136,154,167,224,237,258,264,326,399
67,102,167,191,204,224,246,258,264,391
22,65,113,154,167,204,237,258,264,399
50,67,113,136,204,224,237,258,264,399
67,104,136,154,204,224,237,258,264,399
22,67,113,167,204,224,237,258,264,399
22,61,67,136,154,167,204,237,258,399
22,67,113,116,154,204,224,237,258,264
22,67,113,136,154,204,258,264,290,399
22,67,136,154,167,224,237,258,349,399
22,113,125,136,154,167,204,224,237,258
67,113,136,154,167,224,237,258,264,399
67,80,113,136,154,167,204,224,237,264
22,67,113,136,154,204,224,258,264,399
22,67,78,154,167,204,224,237,258,264
22,67,136,154,167,204,224,237,240,399
22,31,67,113,136,154,167,258,264,399
22,67,113,154,167,204,237,258,284,399
22,113,157,167,204,224,237,258,264,399
22,67,113,120,154,167,224,237,258,399
22,67,113,154,167,224,237,238,264,399
22,67,113,136,154,204,213,224,264,399
113,116,154,204,237,258,264,314,333,368
12,67,83,84,85,115,246,272,390,400
67,104,136,154,167,204,224,237,264,399
22,67,113,154,167,224,237,258,264,399
33,113,136,154,204,224,237,258,264,399
22,67,113,136,154,204,224,237,258,381
22,67,113,136,144,204,224,258,264,399
5,22,136,167,204,224,237,258,264,399
67,136,191,204,250,253,314,316,333,338
67,113,154,167,204,221,224,237,264,399
22,67,113,136,154,167,204,258,264,277
22,113,136,154,157,204,224,237,258,264
67,84,154,167,224,246,258,264,272,278
22,99,113,136,154,167,204,237,258,264
22,67,113,136,154,167,204,224,264,365
22,67,113,118,154,167,204,224,237,399
22,67,136,154,204,237,258,264,280,399
22,67,113,136,154,161,167,204,224,399
22,67,80,113,136,154,204,224,237,264
113,136,154,167,221,224,237,258,264,399
22,67,136,154,167,204,237,258,264,399
22,67,136,167,204,237,258,264,373,399
22,67,113,154,167,204,224,237,264,399
67,113,136,154,167,185,224,237,258,399
14,67,85,102,167,191,204,224,258,391
22,67,136,154,167,185,204,224,237,399
22,67,136,154,167,203,224,237,264,399
22,67,77,136,154,167,204,258,264,399
85,113,116,154,162,204,224,264,314,400
22,67,113,154,167,204,213,224,264,399
66,67,136,154,167,204,224,237,258,264
22,67,113,136,154,204,224,258,264,277
22,67,113,136,154,167,204,237,258,358
22,67,113,154,167,204,258,264,313,399
22,67,113,136,154,224,237,258,264,399
22,67,113,136,150,154,167,204,224,399
22,65,113,154,167,204,224,237,264,399
22,67,113,136,189,224,237,258,264,399
22,67,113,120,154,167,204,224,258,399
67,113,136,154,204,224,237,264,359,399
22,67,113,154,167,204,213,224,237,264
22,24,136,167,204,224,237,258,264,399
22,67,113,136,154,186,237,258,264,399
22,67,97,113,136,154,167,204,224,258
22,67,113,204,224,237,258,264,362,399
22,113,136,154,167,224,237,258,264,399
22,67,113,136,204,237,244,258,264,399
22,113,136,167,224,237,258,264,320,399
22,67,113,128,154,167,224,237,258,264
22,67,113,136,154,167,224,258,264,399
22,113,136,154,167,204,224,237,239,258
22,67,136,154,167,224,237,258,264,335
22,24,67,154,167,204,224,258,264,399
22,67,113,154,167,224,237,258,264,267
22,67,167,204,224,237,258,264,380,399
67,113,154,167,224,237,258,264,344,399
22,67,113,136,167,204,224,237,255,258
22,67,113,118,136,154,167,224,264,399
7,22,67,113,136,154,167,204,224,237
67,113,136,154,167,224,237,258,358,399
22,67,136,154,167,204,237,264,298,399
12,22,67,136,154,167,204,224,258,264
25,113,136,154,167,204,224,237,258,399
22,40,67,113,136,154,237,258,264,399
22,67,136,154,167,204,237,258,333,399
67,113,154,167,204,224,237,258,318,399
22,67,113,154,224,237,258,264,324,399
22,67,136,154,167,204,237,258,284,399
22,67,113,137,154,167,237,258,264,399
22,67,113,136,167,204,224,258,264,399
22,113,154,167,204,224,237,258,264,399
22,113,154,204,224,237,258,264,305,399
85,136,154,191,250,258,272,305,314,368
22,67,113,136,224,237,258,264,369,399
22,67,136,154,167,204,224,237,258,370
22,113,136,154,204,224,237,264,310,399
65,67,113,154,167,204,224,258,264,399
22,55,67,113,136,167,204,224,258,264
22,67,113,136,154,167,189,237,264,399
14,22,82,113,116,136,163,258,330,339
22,67,113,136,154,167,204,264,313,399
67,113,154,167,204,224,237,264,387,399
22,67,136,154,167,204,224,237,264,399
22,113,136,154,167,188,204,224,264,399
22,67,113,154,167,204,224,237,258,264
22,113,136,154,166,167,224,237,258,264
22,67,113,136,154,161,167,204,258,399
22,67,113,154,167,198,204,237,258,264
22,67,167,204,224,237,258,264,318,399
22,67,136,167,204,224,237,264,386,399
67,136,154,204,224,237,258,264,351,399
22,67,154,204,224,237,258,264,329,399
22,113,136,154,167,204,224,258,264,399
30,67,113,136,154,204,224,237,258,264
22,67,113,167,175,204,224,258,264,399
67,113,136,167,204,224,237,258,264,277
22,67,113,136,167,204,237,258,264,399
22,67,113,118,136,154,204,237,264,399
22,67,98,136,154,167,224,237,258,264
67,113,136,167,204,224,237,264,375,399
22,67,113,119,154,167,224,237,264,399
22,67,113,136,154,204,237,258,315,399
67,113,136,167,204,237,258,264,375,399
22,67,113,136,154,224,237,258,264,365
22,67,113,136,154,167,204,208,224,264
22,67,113,136,154,204,224,237,264,374
67,113,136,167,204,224,237,258,344,399
50,67,113,136,154,204,224,237,258,399
22,67,113,154,167,224,237,258,326,399
22,113,136,154,167,204,224,237,304,399
22,67,113,136,154,172,204,237,264,399
22,67,113,136,154,204,234,258,264,399
67,113,136,154,167,177,237,258,264,399
22,67,113,154,167,204,237,258,264,399
22,37,154,167,191,229,250,258,272,286
22,67,113,154,172,204,224,237,264,399
67,69,136,154,167,204,224,237,258,264
67,113,154,180,204,224,237,258,264,399
22,113,136,154,172,204,224,237,258,399
22,113,136,154,167,204,224,237,258,381
22,67,113,136,154,167,204,250,258,399
22,67,113,123,154,204,224,237,258,264
22,85,104,136,167,195,224,305,364,399
113,136,154,167,204,224,237,258,264,399
22,67,113,136,154,167,204,224,264,399
22,67,113,136,167,204,224,258,264,277
25,67,113,136,154,167,204,258,264,399
22,67,115,136,204,224,237,258,264,399
22,67,113,136,154,167,188,204,264,399
22,67,136,167,204,224,237,240,258,399
67,113,136,154,204,224,258,264,292,399
22,67,136,167,199,224,237,258,264,399
22,67,113,136,154,167,204,258,264,399
22,40,67,113,136,154,167,224,258,399
22,113,154,167,186,224,237,258,264,399
47,136,237,250,253,258,314,316,333,338
22,136,154,167,204,224,237,258,264,399
22,67,113,136,154,167,204,224,237,264
22,67,113,136,167,224,258,264,356,399
113,136,154,167,183,204,224,237,258,264
22,65,67,113,204,224,237,258,264,399
22,99,113,136,154,204,237,258,264,399
22,67,154,167,204,224,240,258,264,399
22,67,113,136,154,204,237,258,333,399
22,67,82,154,237,250,258,272,330,399
22,136,154,167,224,237,258,264,360,399
22,67,113,136,154,167,181,237,258,399
22,67,113,136,154,167,204,237,258,284
22,113,136,154,157,204,224,237,258,399
22,67,104,136,154,167,204,224,258,399
113,154,167,204,224,237,258,264,308,399
22,67,136,154,167,204,224,237,258,264
22,67,113,136,167,204,224,237,395,399
22,67,113,154,176,204,224,237,264,399
22,113,136,167,204,224,237,258,264,382
22,113,136,154,167,184,204,237,258,399
22,67,111,113,154,167,224,237,258,399
67,113,136,154,204,224,258,264,306,399
22,67,113,136,154,224,237,258,326,399
22,113,136,154,204,224,237,264,374,399
22,67,113,136,167,204,237,258,264,313
67,113,136,237,258,264,314,333,351,389
12,22,67,136,167,204,224,237,258,264
22,113,136,145,154,167,204,237,264,399
22,67,136,167,204,237,258,264,316,399
22,67,77,113,154,167,224,258,264,399
22,67,136,154,167,204,224,237,280,399
22,67,113,136,154,167,204,237,258,264
22,67,113,136,154,224,258,264,326,399
22,67,113,136,167,204,224,237,349,399
22,67,113,136,153,154,204,224,237,264
22,67,113,136,154,167,204,224,235,237
22,67,113,136,167,224,237,258,264,324
22,40,67,113,116,130,154,224,300,338
22,67,113,116,136,154,204,237,258,264
28,53,82,99,136,264,314,316,333,399
22,67,75,113,136,167,224,237,258,264
22,66,67,113,136,154,167,224,237,264
22,33,113,136,154,204,237,258,264,399
22,67,113,136,167,224,237,264,375,399
67,108,113,136,154,167,224,258,264,399
22,67,69,136,154,167,204,237,264,399
22,67,113,136,167,183,204,237,258,264
22,67,113,136,167,224,237,258,264,399
67,108,113,136,167,204,224,237,258,399
22,67,113,136,167,182,224,237,258,264
28,53,82,99,113,272,314,333,368,399
22,113,154,167,204,224,237,258,269,399
22,67,113,136,154,167,204,224,374,399
22,67,136,154,161,167,204,258,264,399
22,67,80,154,167,204,224,237,264,399
22,67,120,136,154,167,224,237,258,399
67,113,136,167,180,204,224,237,258,399
22,136,154,167,224,237,258,264,274,399
22,67,113,136,154,167,204,258,264,313
22,67,113,136,154,167,224,264,312,399
50,67,113,136,154,204,224,258,264,399
22,113,136,154,166,167,204,237,258,399
22,67,113,136,154,167,204,214,224,399
22,74,113,136,154,167,204,224,258,264
97,113,136,154,167,204,224,237,258,399
22,67,77,113,136,154,167,258,264,399
67,136,154,167,224,237,240,258,264,399
22,67,113,154,167,204,224,258,264,399
22,113,136,167,204,224,237,264,304,399
25,67,113,154,167,204,224,258,264,399
22,67,154,167,203,204,224,258,264,399
22,67,113,167,204,237,258,264,373,399
67,113,136,154,167,224,237,258,320,399
22,113,136,154,204,224,237,258,274,399
14,22,88,113,173,224,264,304,374,399
22,67,136,154,204,237,258,264,270,399
22,67,136,154,204,224,237,258,264,335
5,22,113,136,204,224,237,258,264,399
22,67,136,154,167,204,224,258,358,399
22,113,130,136,154,167,224,237,264,399
67,136,154,167,204,224,237,258,264,399
22,34,67,136,167,224,237,258,264,399
22,67,111,113,167,204,224,237,258,399
67,94,113,167,204,224,237,258,264,399
22,113,154,167,204,224,237,264,374,399
22,113,136,154,167,204,213,224,237,264
67,113,116,167,204,224,264,288,334,400
67,113,136,154,167,204,221,224,237,399
22,113,136,154,204,224,237,261,264,399
67,113,136,154,167,204,224,237,258,399
22,67,113,136,172,204,237,258,264,399
22,24,136,154,204,224,237,258,264,399
113,136,147,154,167,204,237,258,264,399
22,67,136,154,167,185,204,224,237,258
22,67,113,154,167,204,224,237,258,399
22,67,136,167,199,204,224,258,264,399
22,67,113,136,224,237,258,264,362,399
22,113,119,136,154,167,204,237,264,399
22,67,113,136,167,204,237,258,264,315
67,113,136,167,204,224,237,258,264,314
113,136,154,166,204,224,237,258,264,399
22,67,113,154,167,204,237,264,383,399
67,113,136,167,204,224,237,258,264,399
7,22,67,113,136,154,167,224,237,258
22,58,67,113,136,204,224,237,264,399
22,67,113,136,154,167,175,224,264,399
67,113,136,154,167,204,224,246,258,399
113,136,167,190,204,224,237,258,264,399
22,67,113,136,204,224,237,258,351,399
22,67,154,167,204,224,237,258,343,399
22,67,113,136,167,237,255,258,264,399
22,67,136,154,167,203,204,224,264,399
67,113,136,154,167,224,237,264,298,399
22,113,136,204,224,237,258,264,375,399
22,67,113,154,204,224,258,264,351,399
22,113,154,167,224,237,258,264,324,399
22,67,136,154,167,204,224,258,264,386
22,67,136,167,204,237,258,264,383,399
14,22,67,113,136,167,204,237,258,264
67,113,136,172,204,224,237,258,264,399
22,113,136,154,167,224,237,248,258,399
22,113,136,154,157,167,204,237,258,264
22,67,167,196,204,224,237,258,264,399
113,136,167,204,224,237,251,258,264,399
22,67,136,154,167,204,224,258,264,399
22,67,113,136,154,167,224,237,264,399
22,67,113,154,167,181,204,224,237,399
22,67,111,113,136,167,204,237,258,399
22,28,116,136,191,272,304,330,339,385
22,67,113,136,137,154,167,237,258,399
22,67,113,136,154,167,204,224,237,399
55,67,113,136,154,167,224,258,264,399
67,111,113,136,154,167,204,224,258,399
22,67,113,136,154,204,237,258,264,399
22,113,136,137,167,204,237,258,264,399
14,113,136,173,204,224,304,330,374,399
22,51,67,136,154,167,204,258,264,399
22,37,67,154,191,229,250,258,272,399
22,113,136,154,167,224,237,248,264,399
22,113,136,154,167,224,237,239,258,399
22,67,119,136,167,204,224,237,264,399
40,67,113,136,154,167,224,237,258,399
46,85,113,116,224,258,272,314,316,351
22,67,113,136,204,224,237,258,369,399
22,67,113,136,154,204,224,258,264,351
22,67,113,136,167,204,224,237,258,264
67,113,136,154,167,224,258,264,314,399
22,28,67,136,154,167,204,224,264,399
22,67,136,154,167,204,224,237,258,399
67,113,136,167,224,237,246,258,264,399
50,67,113,167,204,224,237,258,264,399
22,67,113,167,204,224,237,264,266,399
51,67,113,136,154,167,204,224,258,264
22,103,113,154,167,224,237,258,264,399
22,67,113,128,136,167,224,258,264,399
22,113,136,154,167,204,224,237,264,399
22,67,113,136,154,167,195,204,237,399
22,67,136,154,167,204,224,258,262,264
22,113,125,136,167,224,237,258,264,399
37,67,167,183,224,237,246,258,264,278
14,22,116,136,191,237,272,304,330,338
22,67,113,136,154,167,237,264,298,399
22,67,136,154,167,204,237,258,313,399
22,65,67,113,167,204,237,258,264,399
22,113,136,167,204,224,237,264,374,399
22,113,136,154,166,204,224,237,264,399
22,67,113,136,154,167,204,237,258,399
42,113,136,154,204,224,237,258,264,399
113,123,136,154,167,204,224,237,258,264
22,67,113,136,154,167,201,237,258,264
22,113,136,154,167,237,258,264,333,399
22,67,136,154,199,204,224,237,258,264
22,67,113,136,154,204,224,235,237,258
22,67,113,154,167,204,237,258,264,317
67,113,136,154,167,224,237,258,264,272
22,67,113,136,167,204,224,237,258,365
22,52,67,113,136,204,224,258,264,399
22,67,136,154,167,204,224,258,264,277
30,113,136,154,167,204,224,237,258,264
67,154,167,174,204,224,237,258,264,399
67,113,136,154,167,204,224,258,264,399
22,113,154,167,175,204,224,258,264,399
22,67,97,113,167,204,224,237,258,399
22,67,113,136,167,204,224,237,264,399
22,67,113,136,204,224,237,258,264,373
22,67,113,154,167,204,237,258,318,399
22,113,136,154,167,170,204,237,258,399
67,136,154,167,188,204,224,258,264,399
22,67,113,204,224,237,258,264,316,399
22,67,113,136,154,167,204,237,264,399
67,109,113,136,167,204,224,258,264,399
22,67,136,167,204,224,237,258,264,399
22,113,136,154,204,224,237,264,304,399
22,136,154,167,204,237,258,264,293,399
22,67,113,136,154,237,258,264,313,399
67,113,136,167,184,204,224,237,258,399
22,24,67,136,154,167,204,224,237,399
22,66,67,136,154,167,204,224,258,264
82,113,136,264,272,314,316,368,384,399
67,113,136,167,204,221,224,258,264,399
67,113,136,167,190,204,224,237,264,399
67,113,154,183,224,237,246,258,272,278
83,84,85,115,154,167,258,285,390,400
22,26,67,113,136,154,224,237,258,264
9,22,67,136,167,204,224,237,258,399
22,67,113,136,167,204,237,264,333,399
47,67,204,253,258,314,316,333,338,399
22,67,136,154,167,195,204,237,264,399
22,67,136,154,167,231,237,258,264,399
22,67,113,136,154,167,186,237,258,399
67,136,154,203,204,224,237,258,264,399
67,113,136,154,204,224,237,258,264,399
22,67,113,136,154,204,224,237,264,399
67,113,136,154,167,224,237,258,264,317
22,113,136,154,175,204,224,258,264,399
22,67,113,136,154,167,204,216,224,258
14,22,191,224,250,258,304,330,338,399
22,67,113,136,154,224,237,258,360,399
22,67,113,136,154,204,237,258,264,270
22,67,113,136,167,204,224,237,258,266
67,113,136,154,204,224,237,250,258,399
67,136,154,167,199,204,237,258,264,399
22,113,154,157,204,224,237,258,264,399
22,67,136,154,167,204,237,258,264,383
22,136,154,166,167,224,237,258,264,399
67,93,113,136,154,167,224,237,264,399
22,67,113,154,204,224,237,258,284,399
22,67,110,113,204,224,237,258,264,399
22,113,136,154,186,224,237,258,264,399
22,136,154,167,204,237,258,264,280,399
22,113,136,154,204,209,224,237,258,264
22,113,154,167,224,237,258,264,272,399
22,113,136,145,167,204,224,237,258,264
22,113,136,167,204,237,258,264,304,399
67,113,154,167,204,224,237,258,264,344
22,136,154,167,174,224,237,258,264,399
22,116,136,154,167,204,224,237,258,264
22,136,154,167,199,224,237,258,264,399
22,28,67,113,136,167,204,224,237,264
67,94,113,136,154,167,204,224,237,399
22,67,113,136,154,167,181,224,258,399
22,67,136,167,204,224,237,258,284,399
22,67,113,136,154,167,204,237,264,277
22,52,67,113,204,224,237,258,264,399
67,113,136,154,167,204,224,237,264,399
67,113,136,154,167,204,234,237,258,399
22,67,113,136,154,167,224,237,258,264
22,74,136,154,167,204,224,237,258,264
37,67,113,154,167,224,246,264,272,278
22,113,136,154,204,224,237,258,264,399
22,67,136,154,167,204,224,237,264,374
22,67,113,136,167,224,258,264,369,399
22,67,136,154,167,224,258,264,272,399
14,15,204,224,237,258,330,338,370,399
7,67,113,136,154,167,204,224,237,258
25,67,113,154,167,204,224,237,264,399
22,113,154,167,204,224,258,264,304,399
19,67,113,136,154,167,204,224,258,264
22,113,136,167,182,224,237,258,264,399
24,67,136,154,167,204,224,237,258,264
22,113,136,154,167,204,224,237,258,399
22,67,113,154,204,209,237,258,264,399
22,67,98,113,136,167,204,224,237,258
22,113,136,154,167,204,224,237,264,335
22,67,136,154,167,199,204,224,237,264
67,113,136,154,204,237,258,264,290,399
22,26,67,113,136,154,204,224,237,264
22,67,113,136,204,224,237,258,316,399
22,67,113,116,136,167,204,237,258,264
22,67,116,136,154,167,204,237,258,264
22,67,113,136,154,224,235,237,258,264
22,66,67,113,136,154,204,224,237,264
22,67,120,136,167,204,224,237,258,399
22,59,67,113,154,167,224,237,264,399
22,67,113,136,154,167,204,237,298,399
67,113,136,167,204,224,237,264,362,399
22,67,136,154,167,203,224,237,258,399
67,113,154,167,204,224,237,258,264,399
22,113,136,154,204,224,258,279,338,399
67,113,136,167,204,237,258,264,313,399
22,67,113,136,204,224,237,258,264,342
22,67,113,154,204,237,258,264,315,399
22,67,113,154,204,224,237,264,318,399
22,113,136,154,204,224,237,258,349,399
22,67,113,136,154,167,183,204,237,258
67,113,136,154,167,204,221,224,237,258
22,67,113,136,154,167,204,237,339,399
113,136,154,167,204,224,246,258,264,399
22,67,113,136,154,167,237,258,290,399
67,113,136,154,167,175,204,258,264,399
22,67,113,136,167,204,224,237,258,399
22,67,113,167,204,237,258,264,380,399
108,113,154,167,204,224,237,258,264,399
67,113,136,167,182,224,237,258,264,399
67,113,136,154,167,204,224,237,243,264
37,67,84,113,167,224,237,258,264,272
22,67,113,154,224,237,258,264,342,399
67,136,154,167,196,224,237,258,264,399
22,113,154,204,224,237,258,264,342,399
31,67,113,154,167,204,224,258,264,399
22,67,113,154,167,224,237,258,264,329
22,67,113,136,154,167,224,237,395,399
5,34,113,116,130,148,188,224,264,312,351
22,60,113,154,204,237,258,304,333,338,390
67,85,102,113,167,204,258,264,314,391,399
14,191,204,224,237,250,304,314,327,351,399
22,67,113,154,204,224,237,258,264,330,338
22,84,104,154,167,188,250,258,295,304,333
67,83,85,136,167,191,264,316,354,374,399
22,130,136,167,264,268,272,304,316,333,399
22,67,113,136,154,184,204,224,237,338,399
22,113,136,167,204,224,230,258,264,399,400
22,28,75,99,123,136,154,167,237,250,379
22,40,67,83,113,130,136,167,237,316,399
22,67,113,117,154,224,272,338,358,374,399
22,113,136,188,204,258,264,304,307,333,351
22,75,83,136,154,237,258,294,304,338,358
28,85,136,191,204,304,316,333,346,390,399
7,22,40,85,113,116,136,304,316,333,338
67,113,136,154,224,258,264,314,351,368,399
14,70,82,84,113,130,204,224,264,304,314
8,67,136,191,224,258,264,272,351,375,399
67,123,154,191,204,237,246,254,264,339,391
22,40,67,85,113,154,167,224,258,264,391
22,49,113,136,167,237,258,272,304,316,390
22,67,113,136,154,167,204,224,264,399,400
22,40,136,154,167,191,234,237,258,264,399
14,22,67,112,136,167,237,258,333,390,399
52,84,105,199,258,264,272,305,314,316,399
22,84,85,113,154,167,224,264,272,293,399
22,67,136,167,204,215,237,258,333,358,399
29,82,113,116,154,272,304,308,334,374,391
56,67,154,196,204,224,237,264,308,351,374
5,22,113,136,167,204,250,302,316,333,374
5,22,84,115,154,237,250,258,333,338,376
14,113,136,188,193,201,204,258,264,314,399
22,113,136,154,204,237,258,304,338,390,399
67,75,123,154,167,191,237,264,314,333,374
22,67,85,115,136,204,224,236,264,374,399
28,113,154,204,224,250,304,314,350,391,399
67,84,113,154,204,237,258,314,339,390,399
22,67,113,136,167,204,205,258,264,399,400
18,67,75,123,154,167,237,264,314,333,391
65,123,154,155,188,204,258,304,314,333,351
28,113,204,224,237,304,314,338,350,391,399
22,67,136,154,167,204,230,258,264,399,400
7,22,40,85,113,116,136,304,316,338,374
99,130,154,196,204,237,264,333,338,391,399
14,22,67,113,167,204,237,258,286,333,399
67,113,154,204,224,237,250,301,374,391,399
14,204,224,237,250,258,304,314,327,351,399
67,85,102,113,167,204,224,314,316,391,399
54,136,167,188,191,264,304,308,316,374,399
22,37,67,154,204,224,237,258,264,361,399
5,22,34,113,116,130,136,188,224,312,351
22,64,67,113,154,224,237,258,264,330,399
12,67,84,191,234,258,264,281,314,316,338
22,67,113,136,226,237,258,264,272,338,399
14,22,67,75,112,113,136,167,333,390,399
81,99,130,154,196,237,246,264,338,391,399
22,82,113,136,204,237,258,304,316,333,399
22,99,113,116,154,204,224,237,250,258,329
67,85,136,154,196,259,264,308,333,374,399
14,130,141,167,192,224,237,264,272,304,329
67,136,167,204,224,237,264,316,364,374,399
14,40,51,122,167,196,234,250,258,308,399
12,40,82,113,224,264,304,314,316,336,374
113,136,167,188,227,234,258,264,304,314,316
5,22,34,113,130,136,148,188,224,312,351
22,67,113,136,154,167,224,258,264,334,400
116,136,154,167,196,204,224,264,304,374,398
22,37,67,113,154,204,224,237,258,391,399
14,22,141,167,192,224,237,264,304,329,399
22,67,113,167,204,237,250,263,286,333,399
22,28,67,83,116,154,167,199,237,264,393
22,28,67,116,136,154,199,204,237,264,393
22,37,67,154,204,224,237,258,264,345,399
22,64,67,113,136,154,224,237,258,264,399
63,85,130,154,204,224,304,314,370,390,399
22,113,136,167,204,206,224,264,305,316,399
22,28,99,123,136,141,154,167,234,250,379
14,40,67,84,113,167,237,242,333,374,399
52,84,85,105,199,224,258,272,314,316,399
22,67,188,196,204,282,316,333,338,358,374
22,67,154,167,204,224,237,250,301,391,399
39,99,116,130,136,154,167,182,221,224,237
37,67,113,154,204,224,237,258,264,300,399
7,17,22,40,84,113,154,224,237,258,304
22,37,67,154,167,204,224,237,258,300,399
22,40,67,113,154,207,258,264,333,334,338
40,113,154,221,224,237,264,322,329,338,399
22,116,154,167,188,196,224,264,304,374,398
12,14,27,113,201,237,250,272,304,314,391
22,60,113,136,154,204,258,304,333,338,399
11,22,40,136,154,167,188,224,258,264,399
67,84,113,154,167,224,258,272,314,358,399
12,22,67,188,204,224,250,258,319,338,375
14,22,67,84,113,158,167,188,204,333,374
22,67,113,136,154,204,237,258,330,371,399
22,40,96,99,154,167,188,224,250,374,399
14,67,84,113,250,299,314,333,338,374,399
65,113,132,154,204,224,264,308,338,374,399
12,67,113,136,160,167,224,237,258,264,375
4,22,154,167,191,237,258,264,272,304,399
22,28,136,191,204,304,316,333,346,390,399
22,67,82,113,154,204,224,237,258,264,399
67,82,85,136,154,196,204,259,308,333,374
65,116,154,195,196,197,264,272,314,333,338
22,28,40,84,97,99,113,154,224,262,367
6,22,67,113,116,136,224,237,258,264,375
22,40,67,73,113,154,167,224,258,264,391
40,136,167,188,227,234,258,264,304,314,316
22,130,136,167,196,268,304,316,333,334,399
12,14,27,28,113,237,250,272,304,314,351
22,37,113,167,204,224,237,258,264,296,399
50,67,75,116,136,154,191,237,250,258,338
136,154,167,195,224,237,246,252,264,304,370
22,67,113,136,204,224,237,258,264,330,371
22,40,67,84,154,207,258,264,333,334,338
22,64,67,113,136,154,204,237,264,330,399
22,67,113,154,167,204,237,258,264,377,399
22,84,135,154,191,208,250,258,272,333,351
22,67,75,83,154,237,258,264,329,371,399
136,154,167,195,204,224,237,246,264,304,370
22,65,67,188,196,204,333,338,358,374,399
22,85,113,116,127,136,204,224,258,304,390
5,22,85,113,116,136,167,204,250,316,374
75,85,130,154,183,191,224,264,332,338,391
14,22,40,67,84,113,237,242,333,358,374
28,40,67,167,196,211,224,246,264,316,399
17,22,84,113,116,154,224,237,258,304,351
22,67,115,136,154,167,201,237,250,265,399
84,113,154,224,258,264,272,276,293,308,399
22,60,113,136,204,237,304,333,338,390,399
22,40,67,83,85,113,154,167,258,264,399
22,67,136,154,167,204,224,258,264,399,400
67,85,115,136,204,224,236,264,316,374,399
29,82,113,116,154,272,304,308,334,390,391
22,40,83,113,136,167,217,237,264,316,399
14,67,84,113,204,237,250,333,338,374,399
84,85,154,167,224,232,258,264,272,293,399
99,116,149,167,188,191,204,258,264,286,314
12,14,28,113,201,237,250,304,314,351,391
22,28,67,83,116,154,167,204,237,264,393
14,22,40,84,113,167,223,224,237,374,399
67,113,136,154,167,188,204,224,258,314,399
22,52,67,84,85,191,204,249,264,333,399
14,83,116,136,167,188,191,204,246,264,374
67,84,134,154,204,237,258,314,339,390,399
22,67,113,154,204,237,258,260,264,330,399
136,154,188,191,204,246,250,258,297,333,338
67,115,154,167,201,237,250,258,265,272,399
37,67,113,129,154,167,204,224,258,264,399
56,67,123,154,196,204,224,237,264,308,329
67,84,113,134,154,204,237,258,314,339,390
40,52,67,83,136,152,154,237,250,370,399
49,113,116,136,167,224,237,258,272,304,316
22,40,43,84,99,113,165,167,258,264,334
22,67,75,83,86,154,258,264,329,371,399
22,67,113,136,154,164,204,237,258,333,351
22,37,67,113,154,167,224,237,258,264,399
14,130,141,167,192,224,264,272,304,329,399
22,67,113,136,154,167,224,258,264,399,400
12,83,115,130,136,154,167,204,237,246,250
22,113,136,194,204,237,258,264,316,333,399
22,28,85,136,191,204,304,333,346,390,399
10,12,67,136,154,167,191,204,224,258,264
22,67,113,136,224,225,237,258,264,330,399
14,84,191,237,250,258,304,314,327,351,399
22,37,67,113,167,204,212,237,258,264,399
5,22,85,113,116,167,204,250,302,316,333
22,67,113,136,154,204,224,237,258,260,399
22,67,113,136,154,204,237,258,264,330,399
40,99,113,136,167,224,258,264,314,316,323
52,67,113,134,154,237,258,314,339,390,399
22,85,113,121,154,224,264,272,304,338,399
22,113,136,167,204,206,224,237,258,264,399
22,116,136,154,167,188,196,204,264,374,398
22,59,67,113,136,154,184,204,224,237,399
113,136,154,204,237,258,264,314,351,368,399
12,14,27,28,113,201,237,250,272,351,391
12,14,136,167,191,224,237,264,275,304,312
22,67,113,136,154,224,237,258,264,330,338
65,67,188,196,282,316,333,338,358,374,399
22,67,113,136,154,204,224,258,264,330,399
22,67,113,130,154,241,272,339,351,390,391
22,130,167,196,264,272,304,316,333,334,399
22,37,67,113,154,204,224,237,258,355,399
22,84,104,154,167,188,204,250,258,295,333
28,67,84,85,116,178,191,221,264,316,333
22,67,136,191,210,264,272,333,351,374,375
123,136,204,224,258,264,304,316,334,351,388
67,84,113,124,154,167,224,237,272,358,399
22,67,136,204,224,237,258,264,330,338,399
40,84,154,196,224,237,314,325,338,390,399
14,22,67,84,113,158,167,188,264,333,399
81,99,130,196,204,237,246,264,333,338,391
14,22,130,141,224,237,264,272,304,329,399
48,113,116,136,188,204,264,314,316,333,342
22,67,113,154,167,224,257,258,264,399,400
67,191,204,224,237,250,258,314,316,338,399
22,67,113,154,167,204,224,258,264,391,399
14,22,67,84,167,237,242,333,358,374,399
12,67,136,154,167,204,224,237,246,258,264
22,67,75,83,86,113,154,237,258,264,329
14,67,71,136,167,188,191,204,246,339,374
28,84,116,178,191,204,221,264,316,333,338
22,85,113,127,136,167,224,258,304,316,390
22,67,154,167,204,224,250,301,374,391,399
22,113,136,188,204,258,264,307,316,333,351
7,22,40,107,113,136,304,316,333,338,374
22,67,101,113,136,154,204,224,258,264,330
67,84,113,124,154,167,224,258,272,314,399
52,67,84,113,134,154,204,258,339,390,399
22,99,113,116,154,167,204,237,250,287,329
22,40,67,73,85,116,154,224,258,264,391
40,67,90,113,116,154,167,221,262,264,374
22,123,136,167,204,224,237,316,328,358,370
22,116,136,154,167,188,196,204,224,264,398
123,136,167,195,224,237,246,252,264,304,370
65,113,132,154,204,224,237,264,338,374,399
22,37,67,113,154,167,204,224,258,264,399
22,67,85,113,171,204,264,333,338,374,391
84,85,87,130,246,304,312,316,342,390,399
113,167,204,237,258,264,314,333,348,391,399
22,67,115,188,204,224,250,258,319,338,375
14,36,85,123,136,199,234,250,258,304,351
4,22,154,191,224,237,258,264,272,304,399
22,67,113,136,154,224,258,264,330,338,399
14,22,130,141,167,224,237,264,272,329,399
22,67,85,113,136,154,204,224,264,399,400
22,83,85,99,113,204,289,374,390,391,399
29,82,113,116,154,234,272,304,308,374,391
22,67,113,136,154,167,204,224,230,258,399
28,67,113,138,188,204,224,264,314,391,399
39,99,130,136,167,182,191,221,224,237,250
22,113,136,154,167,204,237,264,283,305,374
28,154,204,224,237,304,314,338,350,391,399
22,37,67,113,154,167,224,237,258,377,399
67,136,167,191,204,215,258,316,333,358,399
22,67,113,136,154,204,224,237,258,264,399
22,28,67,116,136,154,167,199,204,237,393
7,22,40,85,107,116,136,304,333,338,374
136,204,224,237,250,253,258,314,316,338,399
22,67,113,154,167,204,237,258,264,355,399
65,67,113,204,224,237,264,308,338,374,399
5,22,84,115,154,204,250,258,333,338,376
99,154,183,191,237,264,312,333,338,374,391
84,154,167,224,237,264,272,276,293,308,399
14,22,67,75,112,113,136,237,258,333,399
22,113,116,136,154,167,204,224,264,283,305
50,67,113,116,136,165,237,333,351,358,374
22,67,136,188,191,210,264,272,333,375,399
12,35,67,84,85,154,167,191,224,264,314
22,37,67,113,154,167,204,237,258,264,399
123,136,141,204,224,258,264,304,314,351,388
14,67,84,85,116,167,224,250,258,272,321
12,22,84,85,99,115,154,167,179,224,258
37,67,113,154,167,204,237,258,264,377,399
50,65,113,139,204,224,237,258,264,351,399
10,12,67,136,154,191,204,221,224,258,264
3,14,67,83,136,167,204,258,264,334,399
22,67,84,135,154,191,208,237,272,333,351
22,91,113,136,154,167,204,224,258,264,399
67,191,224,237,250,253,258,314,316,338,399
22,37,67,113,154,167,224,237,258,391,399
14,70,84,130,204,224,237,264,304,314,399
67,90,113,116,154,167,221,262,264,333,374
40,52,83,136,154,237,250,258,314,370,399
12,14,27,28,113,237,272,304,314,351,391
67,113,154,167,204,237,258,264,314,348,399
22,67,113,136,167,204,224,237,264,316,374
63,85,130,136,167,204,224,314,370,390,399
22,28,85,136,204,304,316,338,346,390,399
5,12,22,84,115,154,204,237,258,333,376
85,116,154,195,196,197,264,304,314,333,338
84,85,87,130,191,234,246,312,316,342,390
12,22,67,113,136,167,204,224,237,264,375
22,67,85,115,204,224,236,264,316,338,374
22,113,116,127,167,204,224,258,304,316,390
22,67,113,136,224,226,237,258,264,272,399
67,113,114,136,154,167,234,237,246,250,272
40,67,83,85,113,154,167,258,264,363,399
22,67,113,136,167,237,264,316,364,374,399
22,67,84,154,167,237,264,272,374,396,399
22,67,113,136,140,154,167,204,258,264,400
22,67,113,130,154,237,339,351,390,391,399
1,22,67,84,113,130,154,204,264,333,399
22,136,154,167,199,237,256,333,374,381,399
22,113,136,154,204,224,237,258,264,338,399
22,67,84,167,191,237,264,272,374,396,399
56,67,123,154,196,204,224,237,308,351,374
40,113,136,167,188,227,234,258,304,314,316
14,22,40,67,84,113,167,242,333,358,399
12,28,72,224,237,264,272,304,314,316,351
22,67,88,113,136,204,224,237,258,264,399
22,113,136,188,204,258,264,304,307,316,351
22,82,113,136,154,204,224,237,258,264,399
14,22,67,84,85,113,116,167,250,258,272
22,67,82,113,136,154,204,237,258,264,399
22,67,83,85,113,136,167,258,264,363,399
22,99,113,154,224,258,272,284,303,351,391
7,22,67,85,113,154,167,204,333,337,399
99,116,149,154,188,191,204,258,264,286,314
67,113,136,142,154,204,224,246,279,338,374
22,84,154,167,191,224,237,272,374,396,399
22,37,67,113,154,167,224,237,258,264,377
52,67,84,113,134,154,204,258,314,339,399
22,67,113,117,136,224,272,338,358,374,399
12,67,84,191,204,234,237,258,264,281,316
14,22,130,141,167,192,224,237,264,272,399
62,67,116,154,204,224,258,264,314,351,391
22,65,188,196,282,316,333,338,358,374,399
67,136,188,191,210,272,333,351,374,375,399
28,67,84,85,178,191,204,264,316,333,338
22,136,167,196,264,268,272,316,333,334,399
5,113,136,167,188,193,201,204,258,314,399
14,22,36,40,85,123,136,199,258,304,351
18,67,75,154,167,237,264,314,333,374,391
52,67,113,136,204,237,264,316,372,374,399
22,34,84,199,204,224,237,250,258,304,347
22,67,113,136,224,226,237,258,264,338,399
22,67,136,188,191,272,333,351,374,375,399
22,37,67,84,113,154,204,224,237,258,399
50,67,75,154,191,222,224,237,250,258,338
22,37,113,154,167,204,224,237,264,296,399
22,59,67,113,136,154,204,224,237,291,338
48,67,113,116,136,258,264,314,316,333,342
28,67,84,85,116,178,191,221,264,333,338
123,136,141,258,264,304,314,316,334,351,388
22,37,67,113,154,167,204,237,258,345,399
40,51,67,122,136,196,234,250,258,308,399
22,28,67,116,136,154,167,199,237,264,393
8,22,67,85,136,191,264,272,351,375,399
12,67,113,146,154,167,204,224,258,264,314
5,12,22,84,154,204,237,250,258,338,376
12,32,83,84,130,191,272,305,314,338,390
22,37,67,113,154,204,224,237,258,286,399
22,67,85,171,204,316,333,338,374,391,399
22,67,136,167,191,204,215,237,316,333,358
4,22,154,224,237,258,264,272,304,391,399
22,37,67,113,154,167,204,224,237,264,296
22,67,85,113,136,154,167,204,224,264,400
22,37,67,113,154,167,204,224,258,391,399
22,67,88,113,136,204,224,237,258,330,399
11,22,67,113,136,154,167,224,258,264,399
57,83,99,116,136,154,167,204,237,250,374
67,123,154,167,191,195,204,237,254,264,391
22,28,67,116,136,154,167,199,204,237,264
22,113,136,154,167,224,258,264,334,399,400
22,84,113,154,167,224,232,258,272,293,399
81,99,130,154,196,204,237,246,333,338,399
14,38,116,136,167,191,204,246,264,304,374
12,22,84,115,204,237,250,258,333,338,376
3,14,22,83,136,167,196,204,258,264,334
12,22,84,115,154,204,237,250,258,333,338
82,113,116,154,224,237,272,314,358,366,374
67,136,154,191,204,246,250,297,333,338,399
22,67,101,113,136,204,224,237,264,330,399
22,67,88,136,196,204,258,264,333,357,399
28,40,67,85,154,167,191,246,264,333,399
22,37,67,129,154,167,224,237,258,264,399
67,114,136,154,167,234,246,250,258,272,399
14,22,67,84,113,116,224,250,258,272,321
22,37,67,113,154,167,237,258,264,391,399
28,75,123,136,141,154,167,234,237,250,379
22,136,140,154,167,204,224,258,264,399,400
84,113,154,167,224,237,264,276,293,308,399
22,67,113,154,167,204,224,237,258,264,399
10,12,67,154,167,191,204,224,237,258,264
22,84,151,154,167,199,224,250,258,304,399
22,67,84,135,154,191,208,250,258,333,351
22,37,113,126,154,167,204,224,237,258,399
22,67,113,136,154,204,237,258,260,264,330
7,22,85,107,113,116,136,316,333,338,374
22,67,113,136,154,204,237,264,330,338,399
22,67,136,167,191,204,237,258,316,358,399
14,38,116,136,167,188,204,246,264,304,374
22,65,67,188,196,204,316,333,338,374,399
35,67,84,85,154,191,204,224,264,314,374
22,67,113,167,204,224,237,250,301,374,391
22,40,96,99,154,188,203,224,250,391,399
22,113,130,154,237,272,339,351,390,391,399
12,85,113,146,167,204,224,258,264,314,391
22,113,136,140,154,167,204,224,264,399,400
22,34,113,116,130,136,148,188,224,312,351
22,85,113,154,167,224,232,258,264,272,399
5,85,116,136,167,204,250,302,316,333,374
12,67,85,113,146,154,167,204,258,264,391
22,67,113,136,154,167,204,264,334,399,400
22,67,115,136,154,201,250,258,265,272,399
63,85,130,136,167,204,304,314,370,390,399
22,40,83,85,113,136,154,167,264,363,399
40,136,167,188,227,234,258,264,314,316,399
22,113,136,154,204,237,258,333,338,390,399
99,154,191,221,237,264,312,333,374,391,397
22,67,85,100,116,191,264,272,333,338,374
22,67,113,154,204,224,237,258,264,345,399
22,37,67,113,129,167,204,237,258,264,399
22,67,113,136,167,204,224,237,316,374,399
22,37,67,113,126,154,224,237,258,264,399
123,154,191,195,204,237,246,254,264,339,391
22,84,116,154,167,188,204,250,258,295,333
60,136,154,204,237,258,304,333,338,390,399
13,22,67,113,116,167,237,286,312,316,374
22,49,113,136,167,224,237,272,304,316,390
22,113,136,167,224,237,258,272,304,316,390
10,12,136,154,167,191,204,224,237,258,264
22,67,113,154,167,204,224,237,258,300,399
18,67,75,123,154,237,264,314,333,374,391
84,87,130,191,234,246,304,312,316,342,390
67,84,113,124,154,224,237,258,272,358,399
22,85,113,121,154,224,258,264,272,338,399
22,67,76,85,167,316,329,333,374,390,399
22,67,73,85,113,116,167,224,258,264,391
21,22,67,85,136,154,204,224,351,374,390
22,37,113,154,204,224,237,258,264,377,399
22,67,84,113,130,154,167,204,264,333,399
12,67,84,191,237,258,264,281,314,316,338
22,67,113,136,140,154,167,224,264,399,400
22,37,67,113,154,167,204,212,237,264,399
67,85,102,113,204,224,258,264,316,391,399
22,67,113,136,204,224,237,258,264,330,399
22,67,113,154,237,241,272,339,351,390,399
65,113,132,154,204,224,237,264,308,374,399
22,37,67,113,154,167,237,258,264,286,399
14,67,136,167,188,191,246,250,339,374,399
67,75,123,154,167,191,237,264,314,333,391
22,37,84,154,167,204,224,237,258,264,399
40,67,90,113,116,136,154,167,221,264,374
12,136,166,196,204,224,237,258,264,338,387
22,40,85,107,113,116,136,304,316,338,374
22,67,136,154,204,224,237,258,264,330,399
14,22,67,113,167,204,237,250,286,333,399
75,83,86,113,154,237,258,264,329,371,399
22,34,84,123,167,199,204,224,237,258,347
67,113,133,136,154,167,188,204,258,358,399
28,67,113,138,154,188,204,224,314,391,399
14,22,130,141,167,192,224,237,272,304,329
5,22,34,113,116,130,148,224,264,312,351
12,40,136,188,224,264,304,314,316,336,374
22,84,85,113,167,232,258,264,272,293,399
22,67,113,123,154,164,204,237,258,333,351
57,83,113,116,136,167,204,237,250,314,374
40,113,136,167,237,258,264,314,316,323,399
37,67,113,154,167,212,224,237,258,264,399
22,116,136,154,188,196,204,224,264,374,398
14,22,113,167,204,237,250,263,286,333,399
123,154,155,188,191,204,258,304,333,351,390
52,67,113,136,224,237,314,316,372,374,399
18,67,123,167,191,237,264,314,333,374,391
12,28,72,84,113,224,237,304,314,316,351
22,113,136,206,224,237,258,264,305,316,399
22,37,67,113,167,204,224,237,264,377,399
22,37,67,154,167,204,224,258,264,300,399
22,65,67,188,204,282,316,333,338,358,399
22,49,113,136,167,224,237,258,272,304,316
52,67,113,136,204,224,237,316,372,374,399
22,65,67,188,196,204,282,333,338,358,374
22,67,113,140,154,167,204,258,264,399,400
14,22,67,75,112,113,167,237,333,390,399
84,191,204,224,237,250,258,304,327,351,399
113,116,154,224,237,272,304,314,358,366,374
22,113,116,154,167,204,224,237,283,305,374
14,22,67,75,113,136,167,237,258,390,399
50,67,113,116,136,237,309,333,351,358,374
14,22,67,75,112,167,237,258,333,390,399
22,82,113,194,204,237,258,264,304,333,399
40,67,84,154,237,258,314,325,338,390,399
40,52,67,83,152,154,237,250,258,314,399
12,83,115,130,136,154,167,204,246,271,305
22,37,67,113,154,204,224,237,258,264,399
22,67,171,204,264,316,333,338,374,391,399
136,154,199,224,237,247,258,264,272,351,399
22,85,99,113,116,224,258,272,284,303,391
130,154,196,204,237,246,264,333,338,391,399
22,67,84,154,191,208,237,250,258,272,333
40,67,85,136,143,154,167,191,264,333,399
14,22,67,113,136,224,237,264,272,338,399
22,82,113,136,194,204,237,304,316,333,399
12,22,113,136,160,167,204,224,237,258,264
22,37,67,113,154,167,204,224,264,300,399
113,136,154,204,224,237,264,314,351,368,399
7,22,67,136,154,167,204,333,337,374,399
22,37,67,113,126,167,204,224,258,264,399
22,85,121,224,258,264,272,304,329,338,399
12,67,113,146,154,167,204,224,258,314,391
67,113,136,154,204,224,258,314,351,368,399
67,123,154,167,204,237,246,254,264,339,391
14,130,141,167,192,224,237,272,304,329,399
22,136,154,167,199,204,237,256,305,333,399
14,36,40,85,136,199,234,250,258,304,351
28,75,99,136,141,154,167,234,237,250,379
67,101,113,136,154,204,224,237,258,330,399
12,83,115,136,154,167,204,237,246,250,305
65,85,195,196,197,264,272,304,314,333,338
123,136,141,204,224,258,264,314,316,351,388
6,22,113,116,136,167,204,224,237,258,264
12,14,22,136,167,191,237,258,264,275,304
40,113,154,195,221,224,264,304,322,338,399
22,67,113,154,237,241,272,339,351,390,391
1,67,84,113,130,154,167,237,264,333,399
40,113,167,188,227,234,264,304,314,316,399
48,67,113,116,188,204,258,264,314,316,333
67,113,114,136,154,167,237,246,250,272,399
3,14,22,67,83,136,167,196,258,264,334
82,113,116,136,154,224,237,314,358,366,374
67,85,102,113,167,204,224,258,314,316,399
67,71,167,188,191,204,246,250,339,374,399
22,52,67,84,85,154,191,249,258,333,399
28,40,67,85,136,154,167,191,264,333,399
22,67,84,113,130,154,167,204,237,264,333
67,113,136,160,167,204,224,237,258,264,375
12,21,22,85,136,154,204,224,351,374,390
14,84,191,204,224,237,250,314,327,351,399
28,67,85,116,178,204,221,264,316,333,338
22,113,136,204,224,237,258,264,305,316,399
14,67,71,188,191,204,246,250,339,374,399
67,85,102,167,204,258,264,314,316,391,399
3,14,22,67,83,167,196,204,264,334,399
67,113,154,167,237,264,314,333,348,391,399
67,85,113,204,224,258,264,314,316,391,399
48,67,113,116,204,258,264,314,316,333,342
3,14,22,67,83,136,204,258,264,334,399
22,67,85,115,136,204,224,264,316,338,374
13,22,67,116,167,224,237,264,312,316,374
8,22,67,85,136,191,224,258,264,351,375
67,85,92,116,130,154,204,250,286,333,338
28,67,138,154,167,188,204,224,314,391,399
14,22,36,40,85,123,136,234,250,304,351
54,136,167,188,191,204,264,304,333,374,399
67,113,136,154,167,204,224,258,264,334,399
22,75,123,136,141,154,167,234,237,250,379
22,67,113,130,154,241,272,351,390,391,399
14,50,65,99,113,139,204,224,237,351,399
5,12,22,84,115,204,237,250,258,333,338
116,136,154,167,204,224,237,264,283,305,374
99,113,116,154,224,258,272,284,303,351,391
22,83,85,99,113,204,289,316,338,374,391
67,113,136,154,184,204,224,237,291,338,399
136,154,166,196,204,224,237,258,264,338,387
63,130,136,154,167,204,304,314,370,390,399
67,113,136,154,167,188,204,224,314,358,399
13,22,67,113,116,167,264,286,312,316,374
14,22,67,84,113,158,188,264,333,374,399
14,67,84,85,113,116,167,250,258,272,321
22,67,113,136,167,204,224,237,264,316,399
22,52,67,84,85,154,204,249,258,264,399
67,113,133,136,154,167,188,204,224,314,399
28,113,154,204,224,237,250,304,314,350,391
40,113,136,167,188,227,258,264,304,314,316
22,37,67,113,154,224,237,258,264,355,399
22,65,67,188,196,204,282,333,358,374,399
22,67,101,113,136,154,204,237,258,264,330
40,67,90,113,136,154,167,221,262,264,333
22,40,67,83,85,136,154,167,258,363,399
28,113,154,204,224,237,250,304,338,350,391
22,37,84,113,167,204,224,237,258,264,399
67,113,136,204,224,237,264,314,316,372,374
22,113,136,188,204,258,264,304,307,316,399
12,23,67,136,154,167,204,237,246,258,264
12,14,22,167,191,224,237,264,275,304,312
22,113,136,188,258,264,304,307,316,351,399
22,64,113,136,154,224,237,258,264,330,399
12,27,113,201,237,250,272,304,314,351,391
22,84,113,154,167,204,224,237,258,264,399
22,37,113,154,167,204,224,237,258,264,399
99,154,183,191,221,312,333,338,374,391,397
7,22,40,84,113,116,154,224,258,304,351
14,22,40,85,123,199,234,250,258,304,351
14,22,130,141,167,192,224,237,264,304,399
84,113,124,154,167,224,237,258,272,314,399
22,67,91,113,136,154,167,204,264,399,400
22,67,79,136,154,167,191,234,237,258,264
22,75,85,130,183,191,224,264,332,338,391
22,40,67,84,113,116,207,258,264,334,338
67,91,113,136,154,167,204,258,264,399,400
14,22,40,84,99,113,223,224,237,264,374
67,113,114,136,154,167,234,237,246,258,272
22,40,83,85,113,136,154,167,258,264,399
12,32,83,84,154,188,191,272,305,338,390
22,136,154,199,204,237,256,305,374,381,399
22,84,151,154,199,224,237,250,258,272,304
22,67,88,113,136,154,204,224,258,264,399
22,113,136,188,204,258,304,307,316,351,399
22,85,113,121,224,258,264,272,304,338,399
67,84,85,116,178,191,204,221,264,333,338
22,40,73,85,113,116,154,167,258,264,391
113,136,154,204,224,237,258,264,330,371,399
14,22,40,67,84,113,167,237,242,333,358
22,40,67,84,113,116,258,264,333,334,338
22,67,113,136,154,204,205,224,258,264,399
22,116,136,154,188,204,224,264,304,374,398
12,67,113,160,167,204,224,237,258,264,375
22,67,88,136,204,224,237,258,264,330,399
22,67,113,154,167,224,250,301,374,391,399
22,85,113,116,136,167,204,224,258,304,390
14,67,136,167,188,191,204,246,339,374,399
22,28,75,123,136,141,154,167,234,237,250
22,113,154,167,204,224,258,264,334,399,400
22,130,136,167,196,264,268,316,333,334,399
12,14,136,167,191,224,237,258,275,304,312
22,113,136,204,206,224,237,258,264,316,399
67,84,154,167,191,237,264,272,374,396,399
67,136,191,204,224,250,253,314,316,338,399
12,22,67,115,188,204,224,258,319,338,375
123,136,141,204,258,264,304,314,316,351,388
22,84,85,113,154,167,224,232,258,264,272
14,70,84,113,130,204,224,237,264,304,314
14,82,84,113,130,204,237,264,304,314,399
40,99,113,136,167,224,258,314,316,323,399
22,58,67,113,136,154,167,204,224,237,264,399
22,67,113,136,167,204,258,264,266,288,334,400
22,67,113,136,154,167,224,237,258,264,312,399
22,67,113,136,154,167,169,204,237,258,264,399
5,22,113,136,154,167,204,224,237,258,264,399
22,67,113,136,167,204,224,237,258,264,356,399
14,22,28,116,191,237,264,304,330,338,339,385
22,67,136,165,167,195,196,224,237,358,364,399
84,85,113,116,154,162,224,258,264,314,351,400
22,74,113,136,154,167,204,224,237,258,264,399
22,113,136,154,167,204,224,237,258,264,311,399
37,67,84,113,183,224,237,246,258,264,272,278
22,45,67,113,136,154,167,224,237,258,264,399
67,113,136,204,237,258,264,314,333,351,368,389
22,67,113,136,154,167,204,213,224,237,264,399
22,113,136,154,167,204,224,237,248,258,264,399
22,67,116,136,167,204,224,258,264,288,334,400
22,28,67,113,136,154,167,204,224,237,264,399
14,22,88,113,173,204,224,237,264,304,374,399
12,83,85,115,154,167,246,258,272,285,390,400
22,67,113,136,137,154,167,204,237,258,264,399
42,67,113,136,154,167,204,224,237,258,264,399
14,22,84,191,224,237,250,258,304,330,338,399
84,131,191,202,204,224,237,250,258,304,338,375
84,131,191,204,224,237,250,258,304,308,338,399
22,136,165,167,195,196,204,224,237,340,358,399
82,113,136,258,262,264,314,316,333,368,384,399
22,67,113,136,154,167,186,224,237,258,264,399
22,67,113,136,167,204,224,237,255,258,264,399
22,67,136,154,167,204,224,237,258,264,386,399
82,113,136,258,264,272,314,316,333,368,384,399
22,37,67,154,167,191,224,229,250,258,286,399
22,67,113,136,154,167,195,204,224,237,264,399
22,85,106,167,195,204,224,250,305,316,364,399
14,82,99,113,116,136,163,204,237,258,330,339
22,67,113,136,154,167,204,224,237,258,264,399
12,67,83,84,85,115,154,246,258,272,285,390
22,67,136,154,167,199,204,224,237,258,264,399
20,22,67,113,136,154,167,204,224,237,258,264
22,30,67,113,136,154,167,204,224,237,258,264
22,67,110,113,136,154,204,224,237,258,264,399
22,67,136,154,167,204,224,231,237,258,264,399
28,53,85,99,113,136,264,272,316,333,368,399
22,67,136,154,167,204,224,237,258,264,370,399
22,83,113,154,159,167,237,250,301,305,391,399
22,67,113,136,144,154,204,224,237,258,264,399
22,24,67,136,154,167,204,224,237,258,264,399
37,67,84,113,167,224,237,246,258,264,272,278
22,83,99,130,136,191,204,237,330,338,390,399
22,67,113,136,167,204,224,264,266,288,334,400
22,67,113,136,167,190,204,224,237,258,264,399
22,67,113,136,154,167,204,224,237,264,298,399
14,22,82,113,116,136,163,237,258,330,339,358
22,67,111,113,136,154,167,204,224,237,258,399
67,113,136,154,167,204,224,237,251,258,264,399
22,37,67,84,154,167,224,237,245,272,358,399
22,67,113,136,154,167,204,219,237,258,264,399
22,51,67,113,136,154,167,204,224,258,264,399
22,67,113,136,154,167,188,204,224,258,264,399
37,67,113,167,183,224,237,246,258,264,272,278
22,67,113,136,154,167,204,224,237,258,264,277
22,67,113,154,167,176,204,224,237,258,264,399
28,53,82,99,113,136,264,314,316,333,368,399
22,67,83,113,136,154,167,204,237,258,264,399
67,84,85,113,116,154,162,204,224,264,314,400
22,67,116,136,167,204,224,258,264,266,288,334
22,67,136,154,167,191,204,224,237,258,264,399
22,67,113,154,167,204,224,237,258,264,318,399
22,33,113,136,154,167,204,224,237,258,264,399
22,67,113,136,154,167,198,204,224,237,258,264
22,67,113,136,167,204,224,237,258,264,266,399
22,67,136,165,167,195,196,224,237,340,364,399
22,67,113,136,150,154,167,204,224,237,264,399
22,67,113,136,154,167,204,216,224,237,258,264
22,40,67,83,113,167,188,235,264,273,316,363
67,113,136,154,167,204,221,224,237,258,264,399
7,22,67,113,136,154,167,204,224,237,258,399
46,85,113,116,224,250,258,272,304,314,316,368
22,67,113,136,154,204,224,237,258,264,342,399
67,113,136,154,167,180,204,224,237,258,264,399
22,67,113,136,154,167,224,237,258,264,326,399
22,89,113,136,154,167,204,224,237,258,264,399
85,136,154,224,250,258,272,305,314,351,368,399
12,67,84,85,115,154,167,246,258,272,285,400
22,52,67,113,136,154,204,224,237,258,264,399
22,67,113,136,165,167,204,224,237,258,264,399
22,67,69,136,154,167,204,224,237,258,264,399
22,65,67,82,154,237,250,258,272,313,330,399
22,67,113,136,154,167,204,237,258,264,290,399
22,67,78,136,154,167,204,224,237,258,264,399
67,113,136,154,167,204,224,237,258,264,308,399
22,67,113,136,154,167,204,208,224,237,258,264
22,68,130,136,191,204,237,316,330,338,390,399
22,67,113,136,167,204,224,237,258,264,362,399
22,67,113,136,154,167,204,224,237,258,264,335
22,67,113,136,154,167,185,204,224,237,258,399
22,67,136,154,167,174,204,224,237,258,264,399
22,67,113,136,154,167,204,224,237,264,359,399
46,65,113,116,224,250,258,272,304,314,351,368
22,26,67,113,136,154,204,224,237,258,264,399
22,67,113,116,136,167,204,224,258,264,266,334
22,40,67,113,136,154,167,224,237,258,264,399
22,67,113,136,167,204,224,237,258,264,316,399
14,22,84,131,204,224,237,250,258,330,338,399
37,67,84,113,154,167,224,237,246,264,272,278
22,67,113,136,154,167,184,204,224,237,258,399
14,15,136,204,224,237,258,264,330,338,370,399
22,67,113,136,154,167,224,237,258,264,324,399
67,113,136,154,167,204,224,237,258,264,314,399
22,113,136,154,167,204,224,237,258,264,293,399
67,113,136,154,167,204,224,237,258,264,344,399
22,67,83,113,130,136,167,235,264,273,316,363
22,67,115,136,154,167,204,224,237,258,264,399
22,67,113,136,154,167,204,224,237,264,395,399
22,84,131,191,204,224,250,258,304,330,338,399
113,116,136,154,204,258,264,314,333,351,368,389
22,67,113,136,154,167,204,224,237,258,381,399
84,131,191,204,224,237,250,258,304,338,375,399
22,61,67,113,136,154,167,204,224,237,258,399
22,67,113,136,154,167,204,234,237,258,264,399
22,113,136,154,166,167,204,224,237,258,264,399
22,67,113,136,154,167,224,237,238,258,264,399
47,67,136,237,250,253,258,314,316,333,338,399
22,67,113,136,154,167,224,237,258,264,360,399
22,44,67,113,136,154,167,204,224,237,264,399
14,22,88,136,173,204,237,264,304,330,374,399
22,65,67,82,154,156,196,237,250,272,330,399
67,113,116,136,154,204,237,258,264,314,333,351
22,67,113,123,136,154,167,204,224,237,258,264
46,65,85,113,116,224,258,272,304,316,351,368
22,67,75,113,136,154,167,224,237,258,264,399
22,67,113,136,154,167,204,237,258,264,333,399
22,67,113,136,154,161,167,204,224,258,264,399
22,67,84,113,237,264,272,316,330,338,339,399
22,67,103,113,136,154,167,224,237,258,264,399
9,22,67,113,136,167,204,224,237,258,264,399
14,67,85,167,191,204,224,246,258,353,391,399
14,15,22,204,224,237,258,304,330,338,370,399
47,67,191,204,237,253,258,314,316,333,338,399
22,67,113,136,167,204,220,224,237,258,264,399
67,83,84,85,115,154,167,246,258,285,390,400
67,113,116,136,204,258,264,314,333,351,368,389
22,68,83,99,136,191,204,237,316,338,390,399
22,37,154,167,191,224,229,237,250,258,272,286
14,22,113,136,173,204,224,264,304,330,374,399
22,40,67,113,130,154,187,224,237,264,300,330
22,67,113,136,154,204,209,224,237,258,264,399
22,67,113,136,154,167,182,224,237,258,264,399
22,67,104,136,154,167,204,224,237,258,264,399
22,67,113,154,167,204,224,237,258,264,329,399
46,65,85,113,116,224,258,272,304,314,316,351
22,40,67,83,113,130,136,167,235,273,316,363
12,67,83,85,115,154,167,246,258,285,390,400
67,113,136,154,167,204,224,237,246,258,264,399
22,67,136,154,167,203,204,224,237,258,264,399
14,22,28,116,136,191,237,264,272,304,330,338
22,67,113,136,154,204,224,258,279,330,338,399
113,116,136,154,204,237,258,264,314,333,368,389
22,67,113,136,154,167,204,214,224,237,264,399
22,67,113,136,154,167,204,237,258,264,383,399
22,67,113,136,154,167,170,204,224,237,258,399
12,22,67,113,136,154,167,204,224,237,258,264
14,22,82,99,113,136,163,204,237,258,330,339
22,67,113,130,136,154,167,204,224,237,264,399
22,67,113,136,154,167,204,224,237,264,310,399
22,67,113,136,167,204,224,237,258,264,373,399
22,67,113,136,154,167,204,224,237,239,258,399
22,67,109,113,136,154,167,204,224,258,264,399
22,67,113,136,154,167,224,237,258,264,272,399
67,113,136,154,167,204,224,237,258,264,292,399
19,22,67,113,136,154,167,204,224,237,258,264
67,108,113,136,154,167,204,224,237,258,264,399
22,67,113,136,154,204,224,237,258,264,351,399
16,136,154,191,224,250,258,272,305,314,368,399
22,113,136,154,167,204,224,237,258,264,274,399
16,85,136,154,191,250,258,272,305,314,368,399
22,113,136,154,167,204,224,237,258,264,304,399
67,93,113,136,154,167,204,224,237,258,264,399
67,113,136,154,167,204,224,237,258,264,306,399
22,67,113,136,154,167,224,237,258,264,267,399
22,83,130,154,159,167,204,237,250,305,391,399
22,67,98,113,136,154,167,204,224,237,258,264
14,22,82,113,116,136,204,237,258,330,339,358
22,67,113,136,154,167,189,224,237,258,264,399
67,85,102,167,191,204,246,258,264,353,391,399
22,67,136,154,167,196,204,224,237,258,264,399
22,67,113,136,154,167,204,224,237,250,258,399
12,83,84,85,115,154,167,246,258,285,390,400
82,113,136,258,264,272,304,314,316,368,384,399
22,59,67,113,136,154,167,204,224,237,264,399
14,22,28,116,136,191,272,304,330,338,339,385
14,22,67,113,136,167,204,224,237,258,264,399
37,67,113,154,167,224,237,246,258,264,272,278
37,67,154,167,183,224,237,246,258,264,272,278
22,40,67,113,116,130,154,224,237,264,300,338
22,67,83,113,130,136,167,188,235,264,316,363
22,67,113,136,154,167,204,237,258,264,313,399
84,131,191,202,204,224,237,250,304,308,338,375
22,40,113,116,130,154,187,237,264,300,330,338
22,113,136,145,154,167,204,224,237,258,264,399
65,85,113,116,224,250,258,272,304,314,351,368
22,67,113,136,154,167,204,224,237,264,374,399
22,34,67,113,136,167,204,224,237,258,264,399
25,67,113,136,154,167,204,224,237,258,264,399
22,67,113,136,154,167,183,204,224,237,258,264
22,67,136,154,167,204,224,237,258,264,280,399
22,68,83,99,191,204,237,316,330,338,390,399
22,67,113,128,136,154,167,224,237,258,264,399
22,113,136,154,167,204,224,237,258,264,305,399
22,67,113,136,154,167,204,224,237,258,390,399
22,131,191,204,224,237,250,258,304,330,338,399
22,55,67,113,136,154,167,204,224,258,264,399
22,99,113,136,154,167,204,224,237,258,264,399
22,67,113,136,154,167,204,237,258,264,270,399
22,67,113,116,136,154,167,204,224,237,258,264
22,67,113,136,154,167,224,237,258,264,320,399
22,67,77,113,136,154,167,204,224,258,264,399
22,67,80,113,136,154,167,204,224,237,264,399
22,67,136,154,167,204,224,237,258,264,343,399
22,67,113,136,154,167,204,224,235,237,258,264
22,65,67,113,154,167,204,224,237,258,264,399
67,113,136,154,167,204,224,237,243,258,264,399
22,104,106,136,167,195,204,250,305,316,364,399
22,67,95,113,136,154,167,204,237,258,264,399
67,113,154,167,183,224,237,246,258,264,272,278
22,67,113,136,167,204,224,237,258,264,375,399
22,67,113,120,136,154,167,204,224,237,258,399
22,113,136,154,157,167,204,224,237,258,264,399
22,67,84,113,233,237,264,272,316,338,374,399
12,67,83,84,85,115,246,258,272,285,390,400
22,113,136,154,167,204,224,237,258,261,264,399
22,67,113,136,154,167,204,237,258,264,315,399
22,37,67,154,167,224,229,237,250,258,272,286
22,67,113,136,154,167,204,224,237,258,358,399
12,67,83,85,115,154,167,246,258,272,285,390
50,67,113,136,154,167,204,224,237,258,264,399
22,66,67,113,136,154,167,204,224,237,258,264
14,88,113,136,173,204,224,237,264,304,330,399
22,113,136,154,167,204,224,237,258,264,382,399
22,67,97,113,136,154,167,204,224,237,258,399
12,67,83,84,115,154,167,246,258,272,390,400
22,67,113,136,147,154,167,204,237,258,264,399
22,67,113,119,136,154,167,204,224,237,264,399
22,67,113,136,154,167,201,204,237,258,264,399
22,67,113,136,154,167,204,224,237,258,264,317
22,67,136,141,154,167,204,224,237,258,264,399
84,131,191,202,224,250,258,304,308,338,375,399
67,84,85,113,154,162,204,224,258,264,351,400
67,113,116,136,167,204,224,258,264,288,334,400
67,113,136,154,167,204,224,237,258,264,387,399
28,53,82,85,99,113,264,272,314,333,368,399
14,22,82,99,113,116,163,204,237,258,330,339
22,67,113,136,154,167,204,224,237,258,269,399
22,37,67,84,113,154,167,224,237,258,272,399
22,31,67,113,136,154,167,204,224,258,264,399
67,94,113,136,154,167,204,224,237,258,264,399
22,67,113,136,154,167,200,204,237,258,264,399
47,67,136,191,204,237,250,253,314,316,333,338
22,67,113,136,154,167,181,204,224,237,258,399
22,85,104,136,167,195,204,224,305,316,364,399
37,67,84,113,154,167,224,246,258,264,272,278
22,67,113,136,167,204,218,224,237,258,264,399
22,67,113,136,154,167,204,224,258,262,264,399
22,37,67,154,191,224,229,250,258,272,286,399
22,67,113,136,154,167,175,204,224,258,264,399
22,113,125,136,154,167,204,224,237,258,264,399
46,65,85,113,224,250,258,272,304,316,351,368
14,22,82,99,113,116,163,204,237,258,339,358
22,67,113,136,154,167,204,237,244,258,264,399
22,67,113,136,154,167,177,224,237,258,264,399
22,67,136,154,167,204,224,237,240,258,264,399
22,67,113,136,154,172,204,224,237,258,264,399
22,67,113,136,154,167,204,224,237,258,264,365
82,113,258,262,264,272,304,314,316,333,384,399
22,67,113,136,167,168,204,224,237,258,264,399
14,22,84,191,204,224,237,250,258,304,330,399
22,67,113,136,154,167,204,224,237,258,349,399
22,67,113,136,167,204,224,237,258,264,369,399
22,67,113,116,136,167,224,258,264,288,334,400
22,67,113,136,167,204,224,237,258,264,380,399
67,85,102,167,191,204,224,246,258,264,391,399
22,67,113,136,154,167,204,237,258,264,339,399
14,67,85,102,167,191,204,224,258,264,353,391
14,85,102,167,191,204,224,246,264,353,391,399
22,67,113,118,136,154,167,204,224,237,264,399
22,40,67,130,154,187,224,237,264,300,330,338
22,67,113,136,154,167,204,224,237,258,284,399
22,67,113,136,153,154,204,224,237,258,264,399
22,67,113,123,204,237,264,316,333,351,374,391,394
22,85,113,121,154,224,258,264,272,304,329,338,399
4,22,154,167,191,224,237,258,264,272,304,391,399
22,40,67,73,85,113,116,154,167,224,258,264,391
67,85,113,136,142,154,204,224,246,250,279,338,374
22,67,85,88,136,154,196,204,258,264,333,357,399
28,67,113,138,154,167,188,204,224,264,314,391,399
40,67,90,113,116,136,154,167,221,262,264,333,374
62,67,116,154,191,204,224,258,262,264,314,351,391
12,14,22,136,167,191,224,237,258,264,275,304,312
22,67,85,115,136,204,224,236,264,316,338,374,399
22,67,82,113,136,154,204,224,237,258,264,330,399
22,84,151,154,167,199,224,237,250,258,272,304,399
22,85,99,113,116,154,224,258,272,284,303,351,391
65,123,154,155,188,191,204,258,304,314,333,351,390
18,67,75,123,154,167,191,237,264,314,333,374,391
12,21,22,67,85,136,154,199,204,224,351,374,390
14,22,36,40,85,123,136,199,234,250,258,304,351
84,85,87,130,191,234,246,304,312,316,342,390,399
14,22,40,67,84,113,167,237,242,333,358,374,399
12,67,84,191,204,234,237,258,264,281,314,316,338
40,67,84,154,196,224,237,258,314,325,338,390,399
22,67,123,136,167,204,224,237,258,316,328,358,370
22,67,85,100,116,136,154,191,264,272,333,338,374
5,14,113,136,167,188,193,201,204,258,264,314,399
22,67,113,136,154,204,224,237,258,260,264,330,399
22,37,67,113,126,154,167,204,224,237,258,264,399
22,67,115,136,154,167,201,237,250,258,265,272,399
12,67,85,113,146,154,167,204,224,258,264,314,391
22,37,67,113,154,167,204,224,237,258,264,300,399
22,67,91,113,136,154,167,204,224,258,264,399,400
39,99,116,130,136,154,167,182,191,221,224,237,250
22,67,113,136,154,204,224,237,258,264,330,338,399
22,67,113,136,154,167,204,224,230,258,264,399,400
5,12,22,84,115,154,204,237,250,258,333,338,376
12,136,154,166,196,204,224,237,258,264,331,338,387
22,59,67,113,136,154,184,204,224,237,291,338,399
14,22,67,84,113,158,167,188,204,264,333,374,399
28,113,154,204,224,237,250,304,314,338,350,391,399
12,22,67,115,136,188,204,224,250,258,319,338,375
7,17,22,40,84,113,116,154,224,237,258,304,351
2,22,37,67,113,154,167,204,224,237,258,264,399
40,52,67,83,136,152,154,237,250,258,314,370,399
52,84,85,105,199,224,258,264,272,305,314,316,399
22,67,113,136,154,204,224,237,258,264,330,371,399
22,37,67,113,154,167,204,224,237,258,264,286,399
67,104,154,167,237,246,258,264,272,339,391,392,399
22,67,113,154,167,204,224,237,250,301,374,391,399
28,67,84,85,116,178,191,204,221,264,316,333,338
99,116,149,154,167,188,191,204,224,258,264,286,314
57,83,99,113,116,136,154,167,204,237,250,314,374
14,22,130,141,167,192,224,237,264,272,304,329,399
14,40,51,67,122,136,167,196,234,250,258,308,399
67,82,85,136,154,196,204,259,264,308,333,374,399
14,50,65,99,113,139,204,224,237,258,264,351,399
22,37,67,113,154,167,204,224,237,258,264,361,399
22,67,75,83,86,113,154,237,258,264,329,371,399
8,22,67,85,136,191,224,258,264,272,351,375,399
22,40,67,79,136,154,167,191,234,237,258,264,399
22,37,67,84,113,154,167,204,224,237,258,264,399
22,37,67,113,154,167,204,224,237,258,264,345,399
22,130,136,167,196,264,268,272,304,316,333,334,399
22,84,104,116,154,167,188,204,250,258,295,304,333
22,67,113,136,154,167,204,224,258,264,334,399,400
12,23,67,136,154,167,191,204,224,237,246,258,264
22,67,85,113,136,154,167,204,224,258,264,399,400
65,67,113,132,154,204,224,237,264,308,338,374,399
22,52,67,84,85,154,191,204,249,258,264,333,399
22,37,67,113,129,154,167,204,224,237,258,264,399
67,123,154,167,191,195,204,237,246,254,264,339,391
67,85,102,113,167,204,224,258,264,314,316,391,399
40,113,154,195,221,224,237,264,304,322,329,338,399
50,67,75,116,136,154,191,222,224,237,250,258,338
22,28,85,136,191,204,304,316,333,338,346,390,399
67,113,114,136,154,167,234,237,246,250,258,272,399
22,40,67,84,113,116,154,207,258,264,333,334,338
123,136,154,167,195,204,224,237,246,252,264,304,370
13,22,67,113,116,167,224,237,264,286,312,316,374
22,67,113,136,154,167,204,205,224,258,264,399,400
22,67,113,136,154,167,204,224,228,258,264,399,400
22,28,40,84,97,99,113,154,167,224,262,367,399
123,136,141,204,224,258,264,304,314,316,334,351,388
28,40,67,136,167,196,211,224,237,246,264,316,399
12,40,82,113,136,188,224,264,304,314,316,336,374
50,67,113,116,136,165,204,237,309,333,351,358,374
56,67,123,154,196,204,224,237,264,308,329,351,374
14,22,67,75,112,113,136,167,237,258,333,390,399
5,22,34,113,116,130,136,148,188,224,264,312,351
82,113,116,136,154,224,237,272,304,314,358,366,374
22,67,113,130,154,237,241,272,339,351,390,391,399
63,85,130,136,154,167,204,224,304,314,370,390,399
65,85,116,154,195,196,197,264,272,304,314,333,338
28,40,67,85,136,143,154,167,191,246,264,333,399
40,113,136,167,188,227,234,258,264,304,314,316,399
67,113,133,136,154,167,188,204,224,258,314,358,399
85,113,136,142,154,204,224,246,250,279,330,374,399
22,37,67,113,154,167,204,224,237,258,264,296,399
22,116,136,154,167,188,196,204,224,264,304,374,398
29,82,113,116,154,234,272,304,308,334,374,390,391
22,40,96,99,154,167,188,203,224,250,374,391,399
84,113,154,167,224,237,258,264,272,276,293,308,399
12,32,83,84,130,154,188,191,272,305,314,338,390
14,84,191,204,224,237,250,258,304,314,327,351,399
22,67,113,136,140,154,167,204,224,258,264,399,400
40,99,113,136,167,224,237,258,264,314,316,323,399
22,67,136,167,191,204,215,237,258,316,333,358,399
22,83,85,99,113,204,289,316,338,374,390,391,399
12,22,84,85,99,115,154,167,179,204,224,250,258
22,84,85,113,154,167,224,232,258,264,272,293,399
67,136,142,154,204,224,246,250,279,330,338,374,399
22,85,113,116,127,136,167,204,224,258,304,316,390
12,22,67,113,136,160,167,204,224,237,258,264,375
14,22,67,113,136,224,226,237,258,264,272,338,399
52,67,84,113,134,154,204,237,258,314,339,390,399
22,67,113,123,136,154,164,204,237,258,264,333,351
12,35,67,84,85,154,167,191,204,224,264,314,374
22,113,136,167,204,206,224,237,258,264,305,316,399
22,113,136,188,204,258,264,304,307,316,333,351,399
14,67,84,113,204,237,250,299,314,333,338,374,399
7,22,67,85,113,136,154,167,204,333,337,374,399
67,136,191,204,224,237,250,253,258,314,316,338,399
12,28,72,84,113,224,237,264,272,304,314,316,351
22,67,113,136,154,204,224,225,237,258,264,330,399
22,40,67,83,85,113,136,154,167,258,264,363,399
14,70,82,84,113,130,204,224,237,264,304,314,399
22,37,67,113,154,167,204,224,237,258,264,377,399
67,136,154,188,191,204,246,250,258,297,333,338,399
48,67,113,116,136,188,204,258,264,314,316,333,342
67,113,136,154,204,224,237,258,264,314,351,368,399
1,22,67,84,113,130,154,167,204,237,264,333,399
22,67,85,113,171,204,264,316,333,338,374,391,399
22,67,76,85,113,167,272,316,329,333,374,390,399
22,99,113,116,154,167,204,224,237,250,258,287,329
81,99,130,154,196,204,237,246,264,333,338,391,399
22,136,154,167,199,204,237,256,305,333,374,381,399
54,136,167,188,191,204,264,304,308,316,333,374,399
22,37,67,113,154,167,204,224,237,258,264,391,399
22,67,113,136,167,204,224,237,264,316,364,374,399
14,22,67,84,85,113,116,167,224,250,258,272,321
22,60,113,136,154,204,237,258,304,333,338,390,399
85,113,136,142,154,204,224,246,250,279,330,338,399
67,85,92,116,130,154,191,204,250,286,314,333,338
3,14,22,67,83,136,167,196,204,258,264,334,399
22,40,43,84,99,113,165,167,201,258,264,334,399
22,49,113,116,136,167,224,237,258,272,304,316,390
22,65,67,188,196,204,282,316,333,338,358,374,399
22,67,136,154,199,224,237,247,258,264,272,351,399
22,67,113,136,154,167,204,224,257,258,264,399,400
14,22,67,113,167,204,237,250,258,263,286,333,399
67,84,113,124,154,167,224,237,258,272,314,358,399
22,67,88,113,136,154,204,224,237,258,264,330,399
22,37,67,113,154,167,204,212,224,237,258,264,399
52,67,113,136,204,224,237,264,314,316,372,374,399
7,22,40,85,107,113,116,136,304,316,333,338,374
99,154,183,191,221,237,264,312,333,338,374,391,397
10,12,67,136,154,167,191,204,221,224,237,258,264
22,113,116,136,154,167,204,224,237,264,283,305,374
22,75,83,113,136,154,237,258,294,304,338,358,399
22,34,84,123,167,199,204,224,237,250,258,304,347
22,67,113,117,136,154,188,224,272,338,358,374,399
22,28,75,99,123,136,141,154,167,234,237,250,379
22,28,67,83,116,136,154,167,199,204,237,264,393
22,40,67,83,113,130,136,167,217,237,264,316,399
6,22,67,113,116,136,167,204,224,237,258,264,375
14,38,83,116,136,167,188,191,204,246,264,304,374
22,67,136,188,191,210,264,272,333,351,374,375,399
12,83,115,130,136,154,167,204,237,246,250,271,305
14,22,40,84,99,113,167,223,224,237,264,374,399
22,104,136,154,167,183,189,224,237,258,264,304,341
11,22,40,67,113,136,154,167,188,224,258,264,399
41,99,136,167,196,237,246,250,272,316,333,374,399
22,67,75,85,130,154,183,191,224,264,332,338,391
22,37,67,113,154,167,204,224,237,258,264,355,399
22,67,101,113,136,154,204,224,237,258,264,330,399
22,67,84,135,154,191,208,237,250,258,272,333,351
14,67,71,136,167,188,191,204,246,250,339,374,399
5,22,85,113,116,136,167,204,250,302,316,333,374
67,84,113,154,167,204,237,258,264,314,333,352,399
22,64,67,113,136,154,204,224,237,258,264,330,399
22,82,113,136,194,204,237,258,264,304,316,333,399
12,14,27,28,113,201,237,250,272,304,314,351,391
22,67,84,154,167,191,224,237,264,272,374,396,399
67,83,85,136,167,191,204,264,314,316,354,374,399
67,113,154,167,204,237,258,264,314,333,348,391,399
22,67,85,113,136,154,204,224,250,258,279,330,338,399
22,85,104,106,136,167,195,204,224,250,305,316,364,399
14,22,84,131,191,204,224,237,250,258,304,330,338,399
14,15,22,136,204,224,237,258,264,304,330,338,370,399
22,65,67,82,154,156,196,237,250,258,272,313,330,399
84,131,191,202,204,224,237,250,258,304,308,338,375,399
22,40,67,113,116,130,154,187,224,237,264,300,330,338
22,68,83,99,130,136,191,204,237,316,330,338,390,399
22,40,67,83,113,130,136,167,188,235,264,273,316,363
12,67,83,84,85,115,154,167,246,258,272,285,390,400
47,67,136,191,204,237,250,253,258,314,316,333,338,399
22,82,83,85,136,154,196,204,258,264,304,330,378,399
14,67,85,102,167,191,204,224,246,258,264,353,391,399
14,22,88,113,136,173,204,224,237,264,304,330,374,399
28,53,82,85,99,113,136,264,272,314,316,333,368,399
46,65,85,113,116,224,250,258,272,304,314,316,351,368
22,67,113,116,136,167,204,224,258,264,266,288,334,400
22,67,84,113,233,237,264,272,316,330,338,339,374,399
67,113,116,136,154,204,237,258,264,314,333,351,368,389
67,84,85,113,116,154,162,204,224,258,264,314,351,400
22,83,113,130,154,159,167,204,237,250,301,305,391,399
14,22,28,116,136,191,237,264,272,304,330,338,339,385
37,67,84,113,154,167,183,224,237,246,258,264,272,278
22,37,67,154,167,191,224,229,237,250,258,272,286,399
22,67,136,165,167,195,196,204,224,237,340,358,364,399
82,113,136,258,262,264,272,304,314,316,333,368,384,399
22,37,67,84,113,154,167,224,237,245,258,272,358,399
16,85,136,154,191,224,250,258,272,305,314,351,368,399
14,22,82,99,113,116,136,163,204,237,258,330,339,358
67,85,113,136,142,154,204,224,246,250,279,330,338,374,399
